ACCELEROMETER X (m/s²),ACCELEROMETER Y (m/s²),ACCELEROMETER Z (m/s²),GRAVITY X (m/s²),GRAVITY Y (m/s²),GRAVITY Z (m/s²),GYROSCOPE X (rad/s),GYROSCOPE Y (rad/s),GYROSCOPE Z (rad/s),MAGNETIC FIELD X (μT),MAGNETIC FIELD Y (μT),MAGNETIC FIELD Z (μT),ORIENTATION Z (azimuth °),ORIENTATION X (pitch °),ORIENTATION Y (roll °),PROXIMITY (m),SOUND LEVEL (dB),LOCATION Latitude : ,LOCATION Longitude : ,LOCATION Altitude ( m),LOCATION Altitude-google ( m),LOCATION Speed ( m/s),LOCATION Accuracy ( m),LOCATION ORIENTATION (°),Satellites in range,Time since start in ms ,YYYY-MO-DD HH-MI-SS_SSS
-0.2467,1.6714,10.1724,-0.4427,1.0614,9.739,-0.2288,0.0081,-0.1639,-49.39,8.12,6.8,81.99,-6.8,2.72,5.0,39.501,22.9999,120.21971,42.6,NaN,,21.6,,0 / 0,9,2021-01-13 15:12:20:532
-0.0862,1.9181,10.2586,-0.3986,1.0476,9.7424,-0.0308,0.0045,-0.1158,-50.09,6.64,6.97,83.12,-6.13,2.34,5.0,39.501,22.9999,120.21971,42.6,NaN,,21.6,,0 / 0,109,2021-01-13 15:12:20:632
-0.8359,1.9756,8.0479,-0.523,1.2727,9.7096,0.2105,0.1967,-0.217,-50.05,7.45,7.87,83.6,-7.46,3.08,5.0,39.02,22.9999,120.21971,42.6,NaN,,21.6,,0 / 0,209,2021-01-13 15:12:20:732
-1.0993,2.1887,8.7784,-0.7074,1.6229,9.6455,0.1057,0.082,0.0226,-51.92,6.6,6.01,83.94,-8.78,3.88,5.0,39.02,22.9999,120.21971,42.6,NaN,,21.6,,0 / 0,309,2021-01-13 15:12:20:832
-1.0083,0.9457,10.7975,-0.8003,1.4113,9.6715,-0.4466,0.2031,0.1805,-50.79,9.3,4.35,81.3,-8.27,4.73,5.0,39.02,22.9999,120.21971,42.6,NaN,,21.6,,0 / 0,409,2021-01-13 15:12:20:932
-0.1581,-0.0051,10.7592,-0.7926,1.2258,9.6974,-0.1604,-0.3572,0.2309,-50.28,11.21,6.04,78.93,-7.18,4.67,5.0,41.295,22.9999,120.21971,42.6,NaN,,21.6,,0 / 0,510,2021-01-13 15:12:21:033
-1.0083,0.6703,10.843,-0.2093,0.8766,9.7652,-0.3298,-0.5516,0.153,-51.27,13.91,6.17,75.61,-6.28,2.77,5.0,41.295,22.9999,120.21971,42.6,NaN,,21.6,,0 / 0,609,2021-01-13 15:12:21:132
-0.6155,-0.1249,11.4226,-0.1873,0.9065,9.7629,0.1195,-0.125,0.1665,-48.21,16.98,6.97,71.3,-5.3,1.1,5.0,41.295,22.9999,120.21971,42.6,NaN,,21.6,,0 / 0,709,2021-01-13 15:12:21:232
-0.661,1.4127,6.4648,-0.1488,1.2685,9.7231,0.4952,0.0363,0.1337,-47.51,16.62,5.74,71.55,-7.43,0.88,5.0,40.14,22.9999,120.21971,42.6,NaN,,21.6,,0 / 0,809,2021-01-13 15:12:21:332
-0.6874,2.6127,5.3104,-0.3993,2.1577,9.558,0.4884,0.2896,0.3807,-46.32,20.14,2.63,67.65,-10.57,1.61,5.0,40.14,22.9999,120.21971,42.6,NaN,,21.6,,0 / 0,909,2021-01-13 15:12:21:432
-0.5078,1.487,10.0622,-0.4978,2.0473,9.5776,-0.3925,0.1915,0.1316,-45.27,21.31,2.27,66.35,-12.05,2.98,5.0,40.14,22.9999,120.21971,42.6,NaN,,21.6,,0 / 0,1009,2021-01-13 15:12:21:532
-0.582,0.8068,12.2298,-0.3042,1.4193,9.6986,-0.515,-0.4956,-0.4881,-45.5,20.47,2.33,66.75,-8.32,1.8,5.0,40.14,22.9999,120.21971,42.6,NaN,,21.6,,0 / 0,1109,2021-01-13 15:12:21:632
0.3305,-2.2781,12.9483,0.0423,0.6688,9.7837,-0.6488,-0.3457,-0.5387,-44.16,18.08,3.09,68.3,-6.26,0.92,5.0,43.383,22.9999,120.21971,42.6,NaN,,21.6,,0 / 0,1209,2021-01-13 15:12:21:732
0.4359,0.1793,9.8011,0.1286,0.348,9.7996,0.5281,0.126,0.0988,-42.99,18.67,3.38,66.29,-2.03,-0.75,5.0,43.383,22.9999,120.21971,42.6,NaN,,21.6,,0 / 0,1309,2021-01-13 15:12:21:832
-0.6371,0.8499,8.2851,0.0787,1.1171,9.7425,0.6594,-0.0327,-0.0038,-41.51,18.02,0.72,67.03,-6.54,-0.46,5.0,43.383,22.9999,120.21971,42.6,NaN,,21.6,,0 / 0,1409,2021-01-13 15:12:21:932
0.0168,1.3577,6.084,-0.2502,1.5693,9.677,0.4271,0.2163,0.0485,-40.46,15.26,-1.08,69.52,-7.7,0.63,5.0,40.997,22.9999,120.21971,42.6,NaN,,21.6,,0 / 0,1509,2021-01-13 15:12:22:032
-0.2946,2.1384,8.4503,-0.2885,1.6524,9.6621,-0.0419,0.1386,0.2438,-40.24,15.97,-0.05,68.72,-9.7,1.71,5.0,40.997,22.9999,120.21971,42.6,NaN,,21.6,,0 / 0,1609,2021-01-13 15:12:22:132
-0.5317,1.0008,10.4119,-0.4072,1.2374,9.7197,-0.3997,-0.047,0.2667,-38.2,15.94,-2.59,67.15,-7.25,2.4,5.0,40.997,22.9999,120.21971,42.6,NaN,,21.6,,0 / 0,1710,2021-01-13 15:12:22:233
-0.4694,-1.0326,14.2536,0.012,0.3992,9.7985,-0.8538,-0.4184,0.1868,-38.57,16.48,-2.11,67.73,-5.66,1.9,5.0,41.316,22.9999,120.21971,42.6,NaN,,21.6,,0 / 0,1809,2021-01-13 15:12:22:332
-0.3377,-0.3405,10.8981,0.2321,0.3186,9.7987,0.4203,-0.032,0.3914,-37.2,17.99,-1.51,63.92,-1.86,-1.36,5.0,41.316,22.9999,120.21971,42.6,NaN,,21.6,,0 / 0,1908,2021-01-13 15:12:22:431
0.0814,0.3397,7.6887,0.2621,0.795,9.7709,0.4305,-0.0702,0.2955,-36.52,17.26,-1.54,65.05,-4.65,-1.54,5.0,41.316,22.9999,120.21971,42.6,NaN,,21.6,,0 / 0,2009,2021-01-13 15:12:22:532
-0.1701,2.1289,5.5427,0.1703,1.7231,9.6526,0.7692,0.3069,0.3737,-35.36,17.36,-3.52,63.34,-7.34,-1.69,5.0,39.537,22.9999,120.21971,42.6,NaN,,21.6,,0 / 0,2109,2021-01-13 15:12:22:632
-0.0216,1.6954,7.9354,-0.0746,1.8923,9.6221,0.0331,0.448,0.1676,-33.89,16.72,-3.94,62.92,-11.13,0.44,5.0,39.537,22.9999,120.21971,42.6,NaN,,21.6,,0 / 0,2209,2021-01-13 15:12:22:732
-0.4191,0.8978,11.1304,-0.2887,1.5673,9.6763,-0.4132,-0.3371,-0.514,-33.98,15.84,-5.13,64.3,-9.2,1.71,5.0,39.537,22.9999,120.21971,42.6,NaN,,21.6,,0 / 0,2309,2021-01-13 15:12:22:832
0.0263,-0.0291,11.6022,0.0746,0.9307,9.7621,-0.5772,-0.3673,-0.5302,-34.37,14.65,-4.45,65.73,-7.02,0.45,5.0,39.537,22.9999,120.21971,42.6,NaN,,21.6,,0 / 0,2408,2021-01-13 15:12:22:931
0.4551,-1.2554,14.2943,0.3173,0.6653,9.7789,-0.5947,-0.0578,-0.3055,-34.67,13.99,-2.46,67.9,-3.89,-1.86,5.0,40.358,22.9999,120.21971,42.6,NaN,,21.6,,0 / 0,2509,2021-01-13 15:12:23:032
0.6826,1.1014,9.1904,0.0022,0.9896,9.7566,1.0346,0.4341,-0.007,-33.53,11.59,-3.74,70.05,-5.79,-0.01,5.0,40.358,22.9999,120.21971,42.6,NaN,,21.6,,0 / 0,2609,2021-01-13 15:12:23:132
-0.3545,1.4343,8.3162,0.0178,1.6268,9.6708,0.4808,0.0649,-0.4127,-31.72,9.4,-5.45,73.2,-8.22,-0.39,5.0,40.358,22.9999,120.21971,42.6,NaN,,21.6,,0 / 0,2709,2021-01-13 15:12:23:232
0.1221,2.2822,4.7092,-0.185,2.1376,9.5691,0.9071,0.3327,-0.1753,-30.8,6.37,-6.17,77.26,-12.59,1.11,5.0,39.433,22.9999,120.21971,42.6,NaN,,21.6,,0 / 0,2809,2021-01-13 15:12:23:332
-0.412,1.8079,9.9305,-0.5432,2.0669,9.571,-0.8478,0.2043,0.139,-32.23,5.59,-8.56,77.2,-12.17,3.25,5.0,39.433,22.9999,120.21971,42.6,NaN,,21.6,,0 / 0,2910,2021-01-13 15:12:23:433
0.5748,0.2583,15.2907,-0.4493,1.2808,9.7123,-0.6412,-0.107,0.1827,-32.19,7.23,-8.13,76.27,-9.53,3.32,5.0,39.433,22.9999,120.21971,42.6,NaN,,21.6,,0 / 0,3009,2021-01-13 15:12:23:532
-1.1664,0.6894,10.4981,-0.1771,0.7125,9.7791,-0.1876,-0.0656,0.0569,-32.34,7.09,-6.91,76.95,-4.17,1.04,5.0,40.324,22.9999,120.21971,42.6,NaN,,21.6,,0 / 0,3109,2021-01-13 15:12:23:632
-0.3856,0.4092,9.3988,-0.1719,1.2246,9.7284,0.8428,-0.0038,0.3849,-30.21,7.51,-8.51,73.39,-7.17,1.01,5.0,40.324,22.9999,120.21971,42.6,NaN,,21.6,,0 / 0,3209,2021-01-13 15:12:23:732
-0.3808,1.0702,6.8312,-0.1037,1.6732,9.6623,0.5928,0.1277,0.1602,-31.16,6.32,-7.17,77.5,-8.0,0.4,5.0,40.324,22.9999,120.21971,42.6,NaN,,21.6,,0 / 0,3311,2021-01-13 15:12:23:834
-0.6323,1.8702,7.066,-0.2934,1.9341,9.6095,0.3411,0.4032,0.218,-29.57,6.79,-7.35,75.05,-11.37,1.75,5.0,39.344,22.9999,120.21971,42.6,NaN,,21.6,,0 / 0,3409,2021-01-13 15:12:23:932
-0.7185,1.4391,8.9078,-0.4661,1.9849,9.5924,-0.2119,-0.1388,-0.1635,-30.44,5.66,-8.39,76.66,-11.68,2.78,5.0,39.344,22.9999,120.21971,42.6,NaN,,21.6,,0 / 0,3509,2021-01-13 15:12:24:032
-0.9508,1.1397,10.4981,-0.2564,1.3418,9.711,-0.6591,-0.2919,-0.3272,-32.28,4.11,-6.39,81.55,-10.06,2.07,5.0,39.344,22.9999,120.21971,42.6,NaN,,21.6,,0 / 0,3609,2021-01-13 15:12:24:132
0.891,-2.4601,14.6296,-0.1996,0.8846,9.7646,-0.8667,-0.3066,-0.1203,-30.83,3.51,-5.92,81.83,-5.18,1.17,5.0,39.344,22.9999,120.21971,42.6,NaN,,21.6,,0 / 0,3709,2021-01-13 15:12:24:232
0.2323,0.5721,9.7987,0.0472,0.3482,9.8004,-0.0303,-0.0856,0.0934,-31.05,3.73,-6.13,82.25,-2.03,-0.28,5.0,40.716,22.9999,120.21971,42.6,NaN,,21.6,,0 / 0,3809,2021-01-13 15:12:24:332
0.3233,0.3589,11.2765,-0.3553,1.0513,9.7437,0.0644,0.0517,-0.1645,-31.08,3.71,-6.85,81.7,-5.4,1.72,5.0,40.716,22.9999,120.21971,42.6,NaN,,21.6,,0 / 0,3909,2021-01-13 15:12:24:432
-0.0766,1.6475,5.9834,-0.4035,1.084,9.7382,0.3983,0.2848,-0.4941,-31.88,2.04,-6.51,85.37,-6.35,2.37,5.0,40.716,22.9999,120.21971,42.6,NaN,,21.6,,0 / 0,4009,2021-01-13 15:12:24:532
-0.9604,2.0953,6.2205,-0.9886,1.6962,9.6081,-0.1109,0.2116,-0.3259,-29.41,-0.45,-7.05,88.66,-9.96,5.87,5.0,39.12,22.9999,120.21971,42.6,NaN,,21.6,,0 / 0,4109,2021-01-13 15:12:24:632
-0.6754,1.3888,10.5077,-0.9442,1.0344,9.7061,-0.6733,-0.0954,-0.0615,-30.87,-3.09,-10.61,93.29,-8.63,6.39,5.0,39.12,22.9999,120.21971,42.6,NaN,,21.6,,0 / 0,4209,2021-01-13 15:12:24:732
-0.788,0.1817,15.02,-0.7349,0.5361,9.7644,-0.9901,0.0271,0.3131,-29.61,-0.62,-9.44,91.18,-3.13,4.3,5.0,39.12,22.9999,120.21971,42.6,NaN,,21.6,,0 / 0,4310,2021-01-13 15:12:24:833
-1.152,-0.9273,13.2093,-0.778,-0.0938,9.7753,-0.2369,-0.0457,0.5167,-31.0,0.57,-9.96,88.32,0.55,4.55,5.0,41.085,22.9999,120.21971,42.6,NaN,,21.6,,0 / 0,4410,2021-01-13 15:12:24:933
-0.1964,0.2583,7.842,-0.1892,1.3073,9.7173,1.3687,-0.449,0.2657,-31.13,-2.04,-4.74,93.37,-2.63,2.75,5.0,41.085,22.9999,120.21971,42.6,NaN,,21.6,,0 / 0,4509,2021-01-13 15:12:25:032
-0.2802,0.6535,6.7977,-0.1048,1.7193,9.6542,0.6153,0.0178,0.1848,-31.1,-1.4,-5.96,89.98,-10.1,0.62,5.0,41.085,22.9999,120.21971,42.6,NaN,,21.6,,0 / 0,4609,2021-01-13 15:12:25:132
-0.0742,2.5791,5.5163,-0.3334,2.2831,9.5313,0.3495,0.2914,0.0904,-32.41,-2.06,-5.64,91.44,-13.46,2.0,5.0,41.085,22.9999,120.21971,42.6,NaN,,21.6,,0 / 0,4709,2021-01-13 15:12:25:232
-0.5341,1.9349,8.8719,-0.5982,1.9912,9.5837,-0.4853,0.2139,-0.0379,-30.62,-2.56,-5.54,93.4,-14.02,3.06,5.0,39.818,22.9999,120.21971,42.6,NaN,,21.6,,0 / 0,4809,2021-01-13 15:12:25:332
-0.5269,1.5325,11.8202,-0.473,1.6709,9.6517,-0.4849,-0.3432,-0.3025,-31.37,-2.87,-5.32,94.33,-9.81,2.81,5.0,39.818,22.9999,120.21971,42.6,NaN,,21.6,,0 / 0,4909,2021-01-13 15:12:25:432
-0.0862,0.4116,12.9315,-0.3933,1.0769,9.7394,-0.5308,0.0911,-0.1182,-31.44,-2.68,-4.27,94.92,-6.3,2.31,5.0,39.818,22.9999,120.21971,42.6,NaN,,21.6,,0 / 0,5009,2021-01-13 15:12:25:532
-0.9077,-0.2063,10.6442,-0.4226,0.5543,9.7818,0.1185,-0.1169,-0.4154,-31.57,-4.44,-4.52,96.67,-3.81,2.83,5.0,40.363,22.9999,120.21971,42.6,NaN,,21.6,,0 / 0,5109,2021-01-13 15:12:25:632
0.1221,1.008,9.0419,-0.368,1.1495,9.7321,1.1703,-0.2204,-0.0742,-30.67,-5.07,-5.88,98.03,-6.73,2.17,5.0,40.363,22.9999,120.21971,42.6,NaN,,21.6,,0 / 0,5209,2021-01-13 15:12:25:732
-0.8047,2.069,5.8325,-0.226,1.9999,9.5979,0.498,0.0573,-0.2656,-31.96,-8.06,-4.58,102.24,-11.77,1.35,5.0,40.363,22.9999,120.21971,42.6,NaN,,21.6,,0 / 0,5309,2021-01-13 15:12:25:832
-0.4886,2.2486,6.6612,-0.4914,1.9092,9.6065,-0.1805,0.2588,0.0152,-29.56,-7.56,-2.88,103.75,-12.64,1.86,5.0,39.281,22.9999,120.21971,42.6,NaN,,21.6,,0 / 0,5409,2021-01-13 15:12:25:932
-0.3664,1.0008,12.4501,-0.6678,1.4488,9.676,-0.7775,-0.0747,0.3572,-30.93,-5.17,-7.22,97.67,-8.5,3.95,5.0,39.281,22.9999,120.21971,42.6,NaN,,21.6,,0 / 0,5509,2021-01-13 15:12:26:032
0.1365,0.5984,14.2464,-0.3377,0.6226,9.781,-0.7264,-0.3098,0.4166,-32.13,-4.06,-5.72,96.52,-3.64,1.98,5.0,39.281,22.9999,120.21971,42.6,NaN,,21.6,,0 / 0,5609,2021-01-13 15:12:26:132
-0.3425,-0.1872,10.0886,-0.0019,0.4508,9.7963,0.3769,-0.4711,0.1724,-33.53,-3.44,-6.33,94.71,-2.08,1.59,5.0,41.176,22.9999,120.21971,42.6,NaN,,21.6,,0 / 0,5709,2021-01-13 15:12:26:232
-0.024,-0.0363,9.2982,0.1965,0.9227,9.7612,0.7891,-0.2507,0.211,-33.98,-4.19,-3.65,95.96,-5.4,-1.15,5.0,41.176,22.9999,120.21971,42.6,NaN,,21.6,,0 / 0,5809,2021-01-13 15:12:26:332
-0.8455,0.7325,7.5043,0.2393,1.2406,9.7249,0.3759,0.1634,0.178,-33.89,-3.36,-4.61,93.78,-7.27,-1.41,5.0,41.176,22.9999,120.21971,42.6,NaN,,21.6,,0 / 0,5909,2021-01-13 15:12:26:432
-0.0551,2.0714,6.7594,-0.0813,1.7418,9.6504,0.5221,0.3917,0.3971,-34.75,-2.59,-4.42,93.76,-8.94,-0.5,5.0,39.821,22.9999,120.21971,42.6,NaN,,21.6,,0 / 0,6009,2021-01-13 15:12:26:532
-0.3377,1.3313,8.6802,-0.1642,1.5538,9.6814,-0.6492,0.0468,-0.2068,-34.83,-3.12,-4.68,93.69,-9.12,0.97,5.0,39.821,22.9999,120.21971,42.6,NaN,,21.6,,0 / 0,6110,2021-01-13 15:12:26:633
-0.024,0.8451,13.2812,-0.1666,0.7928,9.7731,-0.6461,-0.0737,-0.1655,-34.3,-3.03,-7.62,94.01,-4.64,0.98,5.0,39.821,22.9999,120.21971,42.6,NaN,,21.6,,0 / 0,6209,2021-01-13 15:12:26:732
0.8287,-0.8698,14.1865,0.0336,0.1821,9.8049,-0.4951,-0.246,-0.2857,-35.32,-3.25,-4.89,94.53,-2.68,0.51,5.0,39.821,22.9999,120.21971,42.6,NaN,,21.6,,0 / 0,6309,2021-01-13 15:12:26:832
0.0048,0.22,9.3581,0.174,-0.0338,9.805,0.0472,0.0285,-0.2759,-35.05,-3.25,-5.38,94.94,0.2,-1.02,5.0,40.322,22.9999,120.21971,42.6,NaN,,21.6,,0 / 0,6409,2021-01-13 15:12:26:932
0.1461,1.0271,7.1067,0.0855,1.2261,9.7293,0.9311,0.037,-0.3529,-34.54,-6.47,-4.55,98.6,-7.18,-0.5,5.0,40.322,22.9999,120.21971,42.6,NaN,,21.6,,0 / 0,6509,2021-01-13 15:12:27:032
-0.5149,2.0546,5.0996,-0.272,1.9805,9.6007,0.642,0.2889,-0.4982,-36.16,-9.06,-4.74,102.63,-9.71,0.46,5.0,40.322,22.9999,120.21971,42.6,NaN,,21.6,,0 / 0,6609,2021-01-13 15:12:27:132
-0.8766,1.0487,9.8299,-0.4926,1.9125,9.6057,-0.9603,0.3445,-0.1016,-34.3,-9.83,-6.5,104.68,-11.25,2.94,5.0,39.449,22.9999,120.21971,42.6,NaN,,21.6,,0 / 0,6709,2021-01-13 15:12:27:232
0.3018,1.111,12.9052,-0.5161,0.9537,9.7465,-0.6475,-0.2659,0.1586,-33.75,-10.55,-5.71,107.1,-5.58,3.03,5.0,39.449,22.9999,120.21971,42.6,NaN,,21.6,,0 / 0,6809,2021-01-13 15:12:27:332
-0.0479,0.3661,13.9446,-0.1879,0.4398,9.795,-0.4208,-0.0679,0.1533,-37.43,-8.99,-6.46,103.05,-4.14,1.42,5.0,39.449,22.9999,120.21971,42.6,NaN,,21.6,,0 / 0,6909,2021-01-13 15:12:27:432
-0.6898,-0.0914,9.2167,-0.0207,0.289,9.8024,-0.0694,-0.377,-0.0725,-38.36,-9.38,-5.88,103.07,-1.69,0.12,5.0,41.321,22.9999,120.21971,42.6,NaN,,21.6,,0 / 0,7008,2021-01-13 15:12:27:531
-0.5102,-0.1177,8.7521,0.0465,1.0606,9.749,0.5454,-0.0917,0.2898,-37.41,-8.65,-4.41,102.94,-6.21,-0.27,5.0,41.321,22.9999,120.21971,42.6,NaN,,21.6,,0 / 0,7109,2021-01-13 15:12:27:632
-0.5317,0.9241,5.9451,-0.0443,1.4358,9.7009,0.3186,0.1412,0.313,-36.91,-8.47,-4.42,101.29,-7.32,-0.62,5.0,41.321,22.9999,120.21971,42.6,NaN,,21.6,,0 / 0,7209,2021-01-13 15:12:27:732
-0.1413,1.7097,8.4192,-0.2612,1.6019,9.6714,-0.2548,0.0895,0.2441,-38.89,-9.1,-5.04,101.89,-9.4,1.55,5.0,41.321,22.9999,120.21971,42.6,NaN,,21.6,,0 / 0,7309,2021-01-13 15:12:27:832
-0.1772,1.2355,11.1041,-0.2637,1.0905,9.7423,-0.5914,-0.0194,0.035,-38.12,-7.41,-4.79,99.7,-6.38,1.55,5.0,39.764,22.9999,120.21971,42.6,NaN,,21.6,,0 / 0,7409,2021-01-13 15:12:27:932
-0.0982,0.9265,12.5866,-0.1098,0.704,9.7807,-0.2238,-0.063,-0.2648,-40.54,-8.18,-4.39,100.59,-5.02,0.89,5.0,39.764,22.9999,120.21971,42.6,NaN,,21.6,,0 / 0,7509,2021-01-13 15:12:28:032
1.0059,-0.7069,14.0428,-0.0577,0.6144,9.7872,-0.2096,-0.1654,-0.3803,-40.8,-10.3,-5.06,103.28,-3.59,0.34,5.0,39.764,22.9999,120.21971,42.6,NaN,,21.6,,0 / 0,7608,2021-01-13 15:12:28:131
0.6682,0.5194,7.909,-0.1206,0.8,9.7732,0.8932,0.0187,-0.3,-40.73,-12.13,-3.6,105.88,-4.68,0.71,5.0,42.111,22.9999,120.21971,42.6,NaN,,21.6,,0 / 0,7709,2021-01-13 15:12:28:232
-0.297,1.0846,7.5378,-0.2162,1.485,9.6912,0.5074,0.093,-0.3515,-40.46,-12.63,-2.5,107.59,-7.42,0.57,5.0,42.111,22.9999,120.21971,42.6,NaN,,21.6,,0 / 0,7809,2021-01-13 15:12:28:332
0.0455,1.7097,6.539,-0.3865,1.7315,9.6448,0.2751,0.1403,-0.1617,-39.72,-15.1,-3.38,109.91,-10.17,2.3,5.0,42.111,22.9999,120.21971,42.6,NaN,,21.6,,0 / 0,7908,2021-01-13 15:12:28:431
-1.1592,1.0822,8.7305,-0.611,1.5546,9.6634,-0.542,0.1947,-0.1695,-42.03,-15.92,-3.01,110.5,-9.12,3.62,5.0,41.576,22.9999,120.21971,42.6,NaN,,21.6,,0 / 0,8009,2021-01-13 15:12:28:532
-0.1341,1.1948,12.9459,-0.44,1.0558,9.7397,-0.5067,-0.2163,0.465,-44.77,-15.21,-4.37,108.05,-7.46,3.55,5.0,41.576,22.9999,120.21971,42.6,NaN,,21.6,,0 / 0,8109,2021-01-13 15:12:28:632
-0.3114,0.4379,14.9146,-0.3553,0.611,9.7811,-0.7659,-0.0127,0.3764,-45.12,-15.05,-3.27,108.27,-3.57,2.08,5.0,41.576,22.9999,120.21971,42.6,NaN,,21.6,,0 / 0,8209,2021-01-13 15:12:28:732
-0.2467,0.6751,10.3281,-0.374,0.4696,9.7883,0.7644,-0.1139,0.4912,-48.3,-11.54,-3.56,103.87,-2.74,2.19,5.0,41.083,22.9999,120.21971,42.6,NaN,,21.6,,0 / 0,8309,2021-01-13 15:12:28:832
-0.3808,0.1433,8.1054,-0.0273,1.512,9.6894,0.9559,-0.3172,0.2039,-49.63,-11.29,0.24,102.48,-6.2,1.33,5.0,41.083,22.9999,120.21971,42.6,NaN,,21.6,,0 / 0,8409,2021-01-13 15:12:28:932
-0.5245,0.8762,7.4061,0.0432,1.6366,9.669,0.1058,0.2201,0.1214,-51.61,-10.53,0.48,101.74,-9.61,-0.26,5.0,41.083,22.9999,120.21971,42.6,NaN,,21.6,,0 / 0,8509,2021-01-13 15:12:29:032
-0.2491,2.1408,7.3582,-0.2774,1.6973,9.6547,0.0174,0.3273,0.1598,-52.42,-9.88,-1.87,100.62,-9.97,1.65,5.0,40.819,22.9999,120.21971,42.6,NaN,,21.6,,0 / 0,8609,2021-01-13 15:12:29:132
-0.0263,2.1097,8.6659,-0.4509,1.3117,9.7081,-0.4568,-0.0337,-0.1302,-55.38,-7.96,-2.1,98.24,-9.06,2.54,5.0,40.819,22.9999,120.21971,42.6,NaN,,21.6,,0 / 0,8709,2021-01-13 15:12:29:232
-0.8431,1.2427,12.2321,-0.3652,1.0019,9.7485,-0.5656,-0.2126,-0.2878,-56.43,-7.59,-3.47,97.99,-5.86,2.15,5.0,40.819,22.9999,120.21971,42.6,NaN,,21.6,,0 / 0,8809,2021-01-13 15:12:29:332
0.1988,-0.5081,14.4644,-0.05,0.5499,9.7911,-0.2933,-0.3348,-0.2996,-58.59,-7.18,-0.78,96.72,-3.21,0.29,5.0,40.819,22.9999,120.21971,42.6,NaN,,21.6,,0 / 0,8909,2021-01-13 15:12:29:432
0.3856,0.6391,8.903,0.0028,0.7045,9.7813,0.2304,0.0402,-0.1928,-58.59,-6.27,0.93,95.82,-2.5,-0.59,5.0,41.594,22.9999,120.21971,42.6,NaN,,21.6,,0 / 0,9017,2021-01-13 15:12:29:540
0.5245,0.8283,8.127,0.0203,1.2655,9.7246,0.4733,0.0279,-0.3334,-58.65,-4.62,-0.46,94.79,-7.41,-0.12,5.0,41.594,22.9999,120.21971,42.6,NaN,,21.6,,0 / 0,9109,2021-01-13 15:12:29:632
-0.0048,1.6355,5.9954,-0.0953,1.6826,9.6608,0.34,0.0442,-0.5517,-60.17,-4.68,0.25,94.79,-9.88,0.57,5.0,41.594,22.9999,120.21971,42.6,NaN,,21.6,,0 / 0,9209,2021-01-13 15:12:29:732
-0.4527,1.3337,7.624,-0.2945,1.4818,9.6896,-0.5754,0.1738,-0.2134,-59.46,-4.96,0.23,94.93,-10.5,0.92,5.0,41.091,22.9999,120.21971,42.6,NaN,,21.6,,0 / 0,9309,2021-01-13 15:12:29:832
0.6658,1.5109,10.6658,-0.2079,1.1724,9.7341,-0.4584,-0.3307,0.0855,-60.77,-2.62,-2.44,92.72,-6.87,1.22,5.0,41.091,22.9999,120.21971,42.6,NaN,,21.6,,0 / 0,9410,2021-01-13 15:12:29:933
-0.2587,1.3984,13.0848,0.0162,0.7496,9.7779,-0.4064,-0.0566,0.352,-62.27,3.48,-2.41,87.09,-4.38,-0.09,5.0,41.091,22.9999,120.21971,42.6,NaN,,21.6,,0 / 0,9510,2021-01-13 15:12:30:033
0.3736,-0.2758,12.8309,0.1873,0.3977,9.7968,-0.3203,-0.1289,0.4555,-62.36,6.7,-1.35,83.48,-3.33,-0.59,5.0,41.92,22.9999,120.21971,42.6,NaN,,21.6,,0 / 0,9609,2021-01-13 15:12:30:132
-0.1724,0.3086,8.5341,0.3337,0.7173,9.7747,0.9246,-0.1357,0.2183,-59.66,12.17,-2.08,78.43,-4.19,-1.96,5.0,41.92,22.9999,120.21971,42.6,NaN,,21.6,,0 / 0,9709,2021-01-13 15:12:30:232
-0.1653,1.0511,6.9797,0.3848,1.4988,9.6838,0.47,0.0522,0.1027,-60.37,12.12,0.25,78.48,-8.79,-2.28,5.0,41.92,22.9999,120.21971,42.6,NaN,,21.6,,0 / 0,9810,2021-01-13 15:12:30:333
-0.6658,1.7816,6.8935,-0.0984,1.678,9.6615,-0.0334,0.3307,-0.1534,-55.04,16.38,-6.64,72.69,-9.52,-1.0,5.0,41.92,22.9999,120.21971,42.6,NaN,,21.6,,0 / 0,9909,2021-01-13 15:12:30:432
-0.412,1.8702,9.3437,-0.1644,1.4901,9.6914,-0.3709,0.0095,-0.2083,-54.24,15.95,-5.36,73.1,-8.74,0.97,5.0,40.565,22.9999,120.21971,42.6,NaN,,21.6,,0 / 0,10009,2021-01-13 15:12:30:532
-0.2754,1.36,10.5197,0.0481,1.0774,9.7472,-0.2815,-0.2545,-0.1997,-52.16,16.49,-6.03,72.3,-6.31,-0.28,5.0,40.565,22.9999,120.21971,42.6,NaN,,21.6,,0 / 0,10109,2021-01-13 15:12:30:632
0.4886,-0.2231,13.8704,0.2371,0.7618,9.7741,-0.31,-0.1673,-0.2067,-52.33,14.65,-4.82,73.39,-5.32,-1.0,5.0,40.565,22.9999,120.21971,42.6,NaN,,21.6,,0 / 0,10209,2021-01-13 15:12:30:732
0.2084,-0.2375,11.2023,0.2799,0.4419,9.7927,0.263,0.3372,0.0123,-52.24,14.16,-5.5,74.55,-2.58,-1.64,5.0,41.445,22.9999,120.21971,42.6,NaN,,21.6,,0 / 0,10309,2021-01-13 15:12:30:832
0.8503,0.711,8.0934,0.053,1.169,9.7366,0.9233,0.0381,0.0892,-48.17,15.58,-8.67,70.49,-6.85,-0.31,5.0,41.445,22.9999,120.21971,42.6,NaN,,21.6,,0 / 0,10409,2021-01-13 15:12:30:932
-0.2563,1.0966,7.5857,-0.0979,1.4129,9.7038,0.1411,0.1155,-0.3841,-47.73,10.95,-9.38,75.8,-8.04,0.05,5.0,41.445,22.9999,120.21971,42.6,NaN,,21.6,,0 / 0,10510,2021-01-13 15:12:31:033
-0.2443,1.7073,6.6756,-0.2247,1.5614,9.6789,0.1595,0.1644,-0.0825,-47.56,10.29,-10.13,76.83,-9.16,1.33,5.0,41.405,22.9999,120.21971,42.6,NaN,,21.6,,0 / 0,10609,2021-01-13 15:12:31:132
0.8359,1.2786,10.4143,-0.3429,1.2263,9.7236,-0.4422,-0.1411,0.3812,-45.46,11.17,-10.13,74.8,-9.16,1.33,5.0,41.405,22.9999,120.21971,42.6,NaN,,21.6,,0 / 0,10709,2021-01-13 15:12:31:232
0.5149,1.166,12.7758,-0.0962,0.6276,9.7861,-0.5952,-0.1448,0.2906,-44.46,13.73,-9.58,71.45,-5.54,1.05,5.0,41.405,22.9999,120.21971,42.6,NaN,,21.6,,0 / 0,10809,2021-01-13 15:12:31:332
-0.1796,0.1146,14.4141,-0.0614,0.4882,9.7943,-0.1463,-0.0765,0.172,-43.26,14.58,-9.77,70.24,-2.85,0.36,5.0,40.305,22.9999,120.21971,42.6,NaN,,21.6,,0 / 0,10909,2021-01-13 15:12:31:432
-0.1485,0.7373,8.6515,0.0738,0.5658,9.79,0.3374,-0.1192,0.247,-44.0,14.36,-8.94,71.72,-3.31,-0.43,5.0,40.305,22.9999,120.21971,42.6,NaN,,21.6,,0 / 0,11010,2021-01-13 15:12:31:533
-0.0311,0.1194,8.9245,0.1917,1.4423,9.6981,0.2701,-0.1092,0.0086,-42.63,13.03,-11.87,71.38,-7.1,-0.62,5.0,40.305,22.9999,120.21971,42.6,NaN,,21.6,,0 / 0,11111,2021-01-13 15:12:31:634
-0.5293,1.3505,5.7774,0.1471,1.5565,9.6812,0.3613,0.1537,-0.0569,-40.18,10.79,-12.49,72.1,-9.13,-0.87,5.0,40.305,22.9999,120.21971,42.6,NaN,,21.6,,0 / 0,11208,2021-01-13 15:12:31:731
-0.1365,1.6211,8.6874,-0.1426,1.7935,9.6402,-0.4638,0.0869,-0.0277,-39.76,11.6,-13.18,70.71,-10.54,0.85,5.0,41.536,22.9999,120.21971,42.6,NaN,,21.6,,0 / 0,11309,2021-01-13 15:12:31:832
-0.3641,2.0402,9.8826,-0.0632,1.2497,9.7265,-0.4662,-0.1392,-0.1458,-40.9,12.4,-15.99,71.0,-8.61,0.72,5.0,41.536,22.9999,120.21971,42.6,NaN,,21.6,,0 / 0,11409,2021-01-13 15:12:31:932
-0.1102,0.7182,12.7663,0.041,0.9142,9.7639,-0.3842,-0.1878,-0.272,-40.51,10.73,-14.4,73.31,-5.35,-0.24,5.0,41.536,22.9999,120.21971,42.6,NaN,,21.6,,0 / 0,11511,2021-01-13 15:12:32:034
0.6563,-0.7835,13.9901,0.1745,0.465,9.7941,-0.4282,-0.0883,-0.1736,-40.18,12.58,-15.38,70.93,-2.72,-1.02,5.0,41.898,22.9999,120.21971,42.6,NaN,,21.6,,0 / 0,11609,2021-01-13 15:12:32:132
0.8718,1.0223,7.6264,0.0717,1.0214,9.753,0.9664,-0.0979,-0.0653,-39.71,10.34,-14.27,75.09,-2.58,-0.29,5.0,41.898,22.9999,120.21971,42.6,NaN,,21.6,,0 / 0,11709,2021-01-13 15:12:32:232
0.0886,0.9816,7.1522,0.0199,1.331,9.7159,0.3058,0.1968,-0.3513,-39.79,7.02,-15.76,77.15,-7.8,-0.12,5.0,41.898,22.9999,120.21971,42.6,NaN,,21.6,,0 / 0,11809,2021-01-13 15:12:32:332
-0.4623,1.4918,6.4313,-0.2837,1.4521,9.6944,-0.131,0.1383,-0.3398,-37.4,4.52,-18.1,78.77,-8.52,1.68,5.0,41.079,22.9999,120.21971,42.6,NaN,,21.6,,0 / 0,11909,2021-01-13 15:12:32:432
-0.7497,0.6894,11.2334,-0.3596,0.8068,9.7668,-0.7193,0.0248,-0.1584,-34.05,5.28,-17.38,78.65,-7.34,2.29,5.0,41.079,22.9999,120.21971,42.6,NaN,,21.6,,0 / 0,12010,2021-01-13 15:12:32:533
0.2251,1.4295,12.0334,-0.2031,0.6673,9.7818,-0.1856,-0.0833,0.4089,-37.35,7.33,-20.34,77.5,-3.9,1.19,5.0,41.079,22.9999,120.21971,42.6,NaN,,21.6,,0 / 0,12109,2021-01-13 15:12:32:632
-0.2802,-0.7835,14.244,-0.1471,0.3049,9.8008,-0.4738,-0.0093,0.1741,-35.97,7.64,-18.65,76.71,-1.78,0.86,5.0,41.323,22.9999,120.21971,42.6,NaN,,21.6,,0 / 0,12210,2021-01-13 15:12:32:733
-0.2156,-0.3955,9.5521,0.13,0.4644,9.7948,0.9089,-0.0157,0.3086,-35.39,7.68,-18.74,76.71,-0.73,-0.31,5.0,41.323,22.9999,120.21971,42.6,NaN,,21.6,,0 / 0,12309,2021-01-13 15:12:32:832
-0.285,0.711,6.0624,0.152,1.1552,9.7372,1.116,-0.091,0.2692,-34.05,6.62,-19.65,74.46,-6.77,-0.89,5.0,41.323,22.9999,120.21971,42.6,NaN,,21.6,,0 / 0,12409,2021-01-13 15:12:32:932
-0.2994,1.693,5.8157,0.0825,1.8602,9.6283,-0.0404,0.3013,0.1373,-34.54,4.12,-20.09,77.41,-10.93,-0.49,5.0,41.323,22.9999,120.21971,42.6,NaN,,21.6,,0 / 0,12510,2021-01-13 15:12:33:033
-0.4048,1.6738,9.473,-0.1678,1.2707,9.7225,-0.6742,0.2198,0.1086,-32.82,4.56,-21.59,75.41,-9.92,0.62,5.0,41.363,22.9999,120.21971,42.6,NaN,,21.6,,0 / 0,12609,2021-01-13 15:12:33:132
-0.0527,1.0894,11.8322,-0.0382,0.8605,9.7687,-0.6315,-0.2399,-0.0314,-34.9,6.53,-21.19,75.91,-5.03,0.22,5.0,41.363,22.9999,120.21971,42.6,NaN,,21.6,,0 / 0,12709,2021-01-13 15:12:33:232
0.764,-0.7356,15.0416,0.1095,0.1931,9.8041,-0.5452,-0.0394,-0.0999,-34.41,7.19,-21.64,77.57,-1.13,-0.64,5.0,41.363,22.9999,120.21971,42.6,NaN,,21.6,,0 / 0,12809,2021-01-13 15:12:33:332
0.1221,0.0835,8.2276,0.0307,0.3134,9.8016,0.9009,0.3189,-0.0486,-33.44,6.36,-21.95,79.49,-0.15,-0.83,5.0,42.976,22.9999,120.21971,42.6,NaN,,21.6,,0 / 0,12910,2021-01-13 15:12:33:433
0.8718,0.9409,7.0228,-0.0803,1.1176,9.7424,1.2132,0.0229,0.067,-33.71,3.22,-24.18,80.56,-6.54,0.47,5.0,42.976,22.9999,120.21971,42.6,NaN,,21.6,,0 / 0,13010,2021-01-13 15:12:33:533
-0.2491,1.0798,6.9797,-0.165,1.3278,9.7149,-0.1135,0.2087,-0.396,-32.94,-1.23,-23.76,86.26,-7.78,0.97,5.0,42.976,22.9999,120.21971,42.6,NaN,,21.6,,0 / 0,13109,2021-01-13 15:12:33:632
0.2036,1.4103,7.3941,-0.3896,1.2091,9.724,-0.0819,0.1338,-0.0978,-31.78,-0.55,-24.05,86.39,-7.61,1.7,5.0,40.505,22.9999,120.21971,42.6,NaN,,21.6,,0 / 0,13209,2021-01-13 15:12:33:732
0.2826,1.2475,12.1507,-0.3786,0.8444,9.7629,-0.4063,-0.27,0.1862,-33.3,0.11,-24.72,86.56,-4.94,2.22,5.0,40.505,22.9999,120.21971,42.6,NaN,,21.6,,0 / 0,13309,2021-01-13 15:12:33:832
0.0527,1.3098,13.3219,-0.112,0.4461,9.7959,-0.3118,-0.1101,0.4517,-34.71,2.34,-24.63,84.95,-2.61,0.65,5.0,40.505,22.9999,120.21971,42.6,NaN,,21.6,,0 / 0,13409,2021-01-13 15:12:33:932
-0.2635,0.5625,9.655,0.043,0.5941,9.7885,0.5095,-0.0635,0.386,-35.11,1.67,-25.0,84.93,-2.6,0.44,5.0,40.892,22.9999,120.21971,42.6,NaN,,21.6,,0 / 0,13509,2021-01-13 15:12:34:032
-0.4766,0.3924,8.3401,0.0549,1.203,9.7324,0.9881,-0.1251,0.151,-34.54,-0.5,-23.23,86.96,-7.05,-0.32,5.0,40.892,22.9999,120.21971,42.6,NaN,,21.6,,0 / 0,13609,2021-01-13 15:12:34:132
-0.8287,0.5266,7.0923,0.1046,1.3472,9.7131,-0.1126,0.2389,-0.0184,-33.65,0.74,-24.82,82.44,-7.9,-0.62,5.0,40.892,22.9999,120.21971,42.6,NaN,,21.6,,0 / 0,13709,2021-01-13 15:12:34:232
-0.6682,2.0307,6.3594,-0.182,1.4137,9.7025,0.1813,0.25,0.213,-34.5,0.41,-24.26,84.5,-7.94,0.35,5.0,40.429,22.9999,120.21971,42.6,NaN,,21.6,,0 / 0,13809,2021-01-13 15:12:34:332
-0.3497,1.2139,11.1879,-0.2749,1.1551,9.7345,-0.7249,-0.3492,-0.1364,-34.01,1.62,-23.07,82.47,-6.76,1.62,5.0,40.429,22.9999,120.21971,42.6,NaN,,21.6,,0 / 0,13909,2021-01-13 15:12:34:432
0.3162,1.0678,12.9195,0.1895,0.4768,9.7932,-0.4506,-0.4358,-0.245,-33.14,1.82,-23.62,84.39,-2.79,-1.11,5.0,40.429,22.9999,120.21971,42.6,NaN,,21.6,,0 / 0,14010,2021-01-13 15:12:34:533
1.1448,-0.8003,13.5638,0.205,0.3031,9.7998,0.0395,-0.1653,-0.3946,-34.43,2.58,-23.24,83.58,-1.87,-1.19,5.0,40.429,22.9999,120.21971,42.6,NaN,,21.6,,0 / 0,14111,2021-01-13 15:12:34:634
-0.0072,-0.4339,8.7976,0.3562,0.445,9.7901,0.5079,-0.0045,-0.4968,-36.04,0.02,-20.69,88.35,-2.6,-2.08,5.0,41.591,22.9999,120.21971,42.6,NaN,,21.6,,0 / 0,14209,2021-01-13 15:12:34:732
0.0311,0.905,6.5941,0.0372,1.2981,9.7203,0.2996,0.3035,-0.1758,-33.74,-3.52,-21.6,91.75,-7.61,-0.22,5.0,41.591,22.9999,120.21971,42.6,NaN,,21.6,,0 / 0,14309,2021-01-13 15:12:34:832
-0.6874,1.4175,6.6804,-0.2133,1.3878,9.7056,0.0292,0.1322,-0.2974,-32.91,-2.96,-22.26,89.86,-8.19,0.98,5.0,41.591,22.9999,120.21971,42.6,NaN,,21.6,,0 / 0,14409,2021-01-13 15:12:34:932
-0.1269,0.6559,10.6586,-0.2206,1.286,9.7195,-0.8527,-0.0601,0.074,-32.64,-3.72,-23.42,91.79,-7.54,1.3,5.0,41.228,22.9999,120.21971,42.6,NaN,,21.6,,0 / 0,14508,2021-01-13 15:12:35:031
0.2826,1.5708,10.8191,-0.0715,0.4447,9.7963,-0.5126,-0.1506,0.3209,-33.83,-0.6,-23.73,89.87,-2.6,0.42,5.0,41.228,22.9999,120.21971,42.6,NaN,,21.6,,0 / 0,14609,2021-01-13 15:12:35:132
1.3053,0.7709,13.5399,-0.0434,0.29,9.8023,-0.2225,0.0454,0.4208,-33.4,0.9,-23.25,86.46,-2.62,0.19,5.0,41.228,22.9999,120.21971,42.6,NaN,,21.6,,0 / 0,14710,2021-01-13 15:12:35:233
-0.3736,-0.4267,11.9591,0.1169,0.291,9.8016,0.0666,-0.37,0.085,-33.45,1.94,-21.4,85.4,-1.7,-0.68,5.0,40.747,22.9999,120.21971,42.6,NaN,,21.6,,0 / 0,14810,2021-01-13 15:12:35:333
0.2778,0.7852,7.9521,0.3389,1.2996,9.7143,0.7285,-0.1273,0.1304,-32.36,-1.14,-19.16,86.94,-7.62,-2.0,5.0,40.747,22.9999,120.21971,42.6,NaN,,21.6,,0 / 0,14909,2021-01-13 15:12:35:432
-0.582,0.2942,7.0731,0.1719,1.4686,9.6945,-0.0092,0.2425,-0.0114,-32.35,-2.15,-20.49,87.68,-8.85,-1.99,5.0,40.747,22.9999,120.21971,42.6,NaN,,21.6,,0 / 0,15009,2021-01-13 15:12:35:532
0.1174,1.4295,7.3869,-0.0854,1.4319,9.7012,-0.2519,0.0472,0.1371,-31.55,-2.15,-19.85,88.4,-8.4,0.5,5.0,39.902,22.9999,120.21971,42.6,NaN,,21.6,,0 / 0,15109,2021-01-13 15:12:35:632
-0.3377,1.1541,10.8693,0.0792,0.9664,9.7586,-0.5798,-0.3328,-0.088,-31.73,-1.99,-19.01,90.17,-5.66,-0.47,5.0,39.902,22.9999,120.21971,42.6,NaN,,21.6,,0 / 0,15209,2021-01-13 15:12:35:732
0.0216,1.1493,12.2465,0.1663,0.5472,9.79,-0.3256,0.1734,-0.1505,-32.48,0.2,-19.11,87.46,-4.07,-1.27,5.0,39.902,22.9999,120.21971,42.6,NaN,,21.6,,0 / 0,15309,2021-01-13 15:12:35:832
0.5317,-1.0231,14.6727,0.045,0.3109,9.8016,-0.4629,0.0381,-0.2885,-31.96,0.68,-18.99,87.12,-1.82,-0.26,5.0,39.902,22.9999,120.21971,42.6,NaN,,21.6,,0 / 0,15410,2021-01-13 15:12:35:933
0.8335,0.196,9.6479,-0.1686,0.3008,9.8006,0.9345,-0.0416,0.0186,-31.31,0.16,-18.6,88.96,-1.76,0.99,5.0,41.724,22.9999,120.21971,42.6,NaN,,21.6,,0 / 0,15509,2021-01-13 15:12:36:032
0.5844,0.608,8.4192,0.0869,1.1804,9.735,0.6898,-0.2237,-0.2143,-31.33,-0.37,-16.83,87.26,-4.97,-0.21,5.0,41.724,22.9999,120.21971,42.6,NaN,,21.6,,0 / 0,15609,2021-01-13 15:12:36:132
-0.0287,1.9636,4.8146,-0.1213,1.5762,9.6784,0.5079,0.2479,-0.2518,-30.47,-4.91,-16.3,94.59,-9.25,0.72,5.0,41.724,22.9999,120.21971,42.6,NaN,,21.6,,0 / 0,15710,2021-01-13 15:12:36:233
-0.6107,1.1541,8.8335,-0.4994,1.5485,9.6707,-0.6121,0.3382,-0.1339,-30.45,-5.17,-17.15,94.64,-9.09,2.96,5.0,40.568,22.9999,120.21971,42.6,NaN,,21.6,,0 / 0,15810,2021-01-13 15:12:36:333
0.0958,1.9492,12.91,-0.2685,1.0795,9.7434,-0.5075,-0.3064,0.4406,-29.28,-2.43,-16.19,90.21,-7.42,2.93,5.0,40.568,22.9999,120.21971,42.6,NaN,,21.6,,0 / 0,15909,2021-01-13 15:12:36:432
0.0359,0.0883,14.4284,-0.1242,0.6457,9.7846,-0.7266,-0.2166,0.2701,-30.58,-0.68,-17.12,89.82,-3.78,0.73,5.0,40.568,22.9999,120.21971,42.6,NaN,,21.6,,0 / 0,16009,2021-01-13 15:12:36:532
-0.5916,0.6104,9.0012,0.307,0.6026,9.7833,0.8025,0.1304,0.3546,-30.48,0.77,-15.33,86.17,-3.52,-1.8,5.0,41.344,22.9999,120.21971,42.6,NaN,,21.6,,0 / 0,16109,2021-01-13 15:12:36:632
-0.1221,0.3278,8.0911,0.2478,1.3853,9.7052,0.6201,-0.0352,0.1928,-30.06,0.61,-14.15,84.92,-6.48,-1.14,5.0,41.344,22.9999,120.21971,42.6,NaN,,21.6,,0 / 0,16209,2021-01-13 15:12:36:732
-0.4383,1.4103,6.2373,0.1858,1.4902,9.691,0.196,0.2674,0.1889,-31.2,0.64,-15.01,83.76,-8.74,-1.1,5.0,41.344,22.9999,120.21971,42.6,NaN,,21.6,,0 / 0,16310,2021-01-13 15:12:36:833
0.1533,1.7648,7.9426,-0.0328,1.5707,9.68,-0.0808,0.1119,0.1643,-30.6,0.39,-13.51,85.9,-9.22,0.19,5.0,40.566,22.9999,120.21971,42.6,NaN,,21.6,,0 / 0,16409,2021-01-13 15:12:36:932
-0.7233,1.3864,10.9508,0.0798,1.1915,9.7337,-0.4864,-0.1876,-0.2723,-28.1,2.84,-15.29,79.52,-8.51,0.04,5.0,40.566,22.9999,120.21971,42.6,NaN,,21.6,,0 / 0,16509,2021-01-13 15:12:37:032
0.0647,0.8355,12.292,0.0536,0.9533,9.7601,-0.4066,0.1047,-0.1489,-29.02,1.15,-14.74,85.12,-5.58,-0.31,5.0,40.566,22.9999,120.21971,42.6,NaN,,21.6,,0 / 0,16609,2021-01-13 15:12:37:132
0.7544,-0.2135,13.0489,-0.0166,0.5795,9.7895,-0.1578,0.1389,-0.0937,-27.69,1.45,-13.62,86.28,-3.39,0.1,5.0,40.566,22.9999,120.21971,42.6,NaN,,21.6,,0 / 0,16709,2021-01-13 15:12:37:232
0.5509,0.4787,10.0143,-0.0049,1.0461,9.7507,0.6964,-0.1025,-0.1895,-28.27,1.46,-13.79,86.23,-3.65,0.93,5.0,41.343,22.9999,120.21971,42.6,NaN,,21.6,,0 / 0,16809,2021-01-13 15:12:37:332
0.1724,1.1445,7.4492,0.0243,1.2838,9.7222,0.4845,0.1947,-0.2826,-27.66,-2.0,-13.58,90.29,-7.52,-0.14,5.0,41.343,22.9999,120.21971,42.6,NaN,,21.6,,0 / 0,16909,2021-01-13 15:12:37:432
-0.0695,1.7864,6.0385,-0.2316,1.8554,9.6268,0.4449,0.186,-0.2196,-27.0,-2.22,-13.42,89.22,-10.91,1.38,5.0,41.343,22.9999,120.21971,42.6,NaN,,21.6,,0 / 0,17009,2021-01-13 15:12:37:532
-0.3281,1.3289,8.1916,-0.4427,1.4497,9.6888,-0.4513,-0.0546,0.024,-27.72,-2.53,-13.24,91.73,-10.25,2.54,5.0,41.232,22.9999,120.21971,42.6,NaN,,21.6,,0 / 0,17109,2021-01-13 15:12:37:632
-0.97,1.7552,12.7471,-0.3716,1.1607,9.7306,-0.713,-0.0134,0.2977,-26.56,-1.46,-12.26,89.36,-6.8,2.19,5.0,41.232,22.9999,120.21971,42.6,NaN,,21.6,,0 / 0,17209,2021-01-13 15:12:37:732
0.3305,-0.4051,15.1637,-0.3617,0.5289,9.7857,-0.5319,-0.5422,0.2066,-27.75,1.03,-13.61,86.59,-3.09,2.12,5.0,41.232,22.9999,120.21971,42.6,NaN,,21.6,,0 / 0,17309,2021-01-13 15:12:37:832
-0.4886,0.5601,8.6946,0.1441,0.7368,9.7779,0.5377,-0.3669,0.1471,-28.8,-0.03,-11.57,89.29,-1.7,-0.17,5.0,41.735,22.9999,120.21971,42.6,NaN,,21.6,,0 / 0,17410,2021-01-13 15:12:37:933
-0.3377,0.0739,8.2779,0.1464,1.2003,9.7318,0.4533,-0.0492,0.0206,-27.34,0.44,-11.95,86.76,-7.03,-0.86,5.0,41.735,22.9999,120.21971,42.6,NaN,,21.6,,0 / 0,17509,2021-01-13 15:12:38:032
-0.3976,2.3061,5.7894,0.0443,1.6923,9.6594,0.4451,0.2686,0.1662,-27.24,-0.05,-9.64,86.29,-9.94,-0.26,5.0,41.735,22.9999,120.21971,42.6,NaN,,21.6,,0 / 0,17609,2021-01-13 15:12:38:132
0.2515,1.8822,8.0623,-0.1599,1.6136,9.6717,-0.4342,-0.1372,-0.0189,-27.39,-0.55,-11.79,87.64,-10.48,0.93,5.0,41.735,22.9999,120.21971,42.6,NaN,,21.6,,0 / 0,17710,2021-01-13 15:12:38:233
-0.2084,1.281,11.528,0.0278,1.3265,9.7165,-0.4498,-0.3523,-0.2592,-26.73,-0.46,-10.08,87.11,-7.77,-0.16,5.0,40.822,22.9999,120.21971,42.6,NaN,,21.6,,0 / 0,17809,2021-01-13 15:12:38:332
-0.1892,1.4343,13.171,0.033,0.7839,9.7752,-0.3604,0.1872,-0.0371,-28.3,-0.75,-9.51,90.39,-4.58,-0.19,5.0,40.822,22.9999,120.21971,42.6,NaN,,21.6,,0 / 0,17909,2021-01-13 15:12:38:432
-0.4862,0.0763,9.8251,-0.127,0.6639,9.7833,-0.0687,0.1305,-0.0762,-28.51,-1.14,-10.45,90.75,-3.62,0.39,5.0,40.822,22.9999,120.21971,42.6,NaN,,21.6,,0 / 0,18010,2021-01-13 15:12:38:533
0.8694,0.5912,9.2167,-0.0535,1.3588,9.7119,0.6048,-0.374,-0.3296,-27.6,-1.9,-9.08,91.54,-7.96,0.32,5.0,45.038,22.9999,120.21971,42.6,NaN,,21.6,,0 / 0,18111,2021-01-13 15:12:38:634
-0.594,1.5014,5.9882,0.0249,1.7521,9.6488,0.117,0.1757,-0.4838,-27.04,-2.76,-9.67,92.45,-10.29,-0.15,5.0,45.038,22.9999,120.21971,42.6,NaN,,21.6,,0 / 0,18211,2021-01-13 15:12:38:734
-0.1245,1.9277,6.4289,-0.3191,1.8344,9.6283,-0.3377,0.1372,-0.022,-26.15,-3.79,-10.01,94.65,-10.98,1.27,5.0,45.038,22.9999,120.21971,42.6,NaN,,21.6,,0 / 0,18309,2021-01-13 15:12:38:832
-0.2587,1.6786,10.3161,-0.3991,1.4856,9.6853,-0.6341,-0.0074,-0.003,-25.91,-3.76,-8.68,95.97,-8.71,2.36,5.0,40.83,22.9999,120.21971,42.6,NaN,,21.6,,0 / 0,18409,2021-01-13 15:12:38:932
0.0719,1.3696,13.7578,-0.0818,0.9571,9.7595,-0.6235,0.059,0.3009,-26.72,-2.43,-7.57,92.61,-5.6,0.48,5.0,40.83,22.9999,120.21971,42.6,NaN,,21.6,,0 / 0,18509,2021-01-13 15:12:39:032
0.5317,0.6583,13.4009,-0.0818,0.5657,9.79,-0.2194,-0.0195,0.3028,-25.46,-1.95,-9.81,93.17,-3.6,0.84,5.0,40.83,22.9999,120.21971,42.6,NaN,,21.6,,0 / 0,18609,2021-01-13 15:12:39:132
-0.7161,0.8858,7.8994,0.15,0.9272,9.7616,1.139,-0.1388,0.3012,-30.18,-3.06,-7.54,94.19,-5.43,-0.88,5.0,41.772,22.9999,120.21971,42.6,NaN,,21.6,,0 / 0,18710,2021-01-13 15:12:39:233
-0.5509,0.6727,8.23,0.3875,1.7623,9.6392,0.2451,-0.2089,0.1077,-29.53,-1.23,-4.94,89.75,-10.35,-2.3,5.0,41.772,22.9999,120.21971,42.6,NaN,,21.6,,0 / 0,18810,2021-01-13 15:12:39:333
-0.6107,2.1001,6.163,-0.0455,1.9227,9.6162,0.236,0.539,0.2801,-28.89,-1.86,-5.91,91.45,-10.51,-1.54,5.0,41.772,22.9999,120.21971,42.6,NaN,,21.6,,0 / 0,18910,2021-01-13 15:12:39:433
0.5892,2.4857,7.0109,-0.2647,2.005,9.5959,0.0137,0.2694,0.2013,-28.58,-3.48,-5.77,93.68,-11.8,1.58,5.0,41.772,22.9999,120.21971,42.6,NaN,,21.6,,0 / 0,19009,2021-01-13 15:12:39:532
-0.3257,1.6091,10.9723,-0.1999,1.6587,9.6633,-0.5733,-0.2178,-0.4486,-29.95,-2.65,-5.55,93.89,-9.74,1.19,5.0,41.162,22.9999,120.21971,42.6,NaN,,21.6,,0 / 0,19110,2021-01-13 15:12:39:633
-0.2994,1.0655,13.3243,-0.085,0.9374,9.7614,-0.6398,-0.1209,-0.3779,-28.28,-3.63,-4.18,97.07,-7.73,0.81,5.0,41.162,22.9999,120.21971,42.6,NaN,,21.6,,0 / 0,19209,2021-01-13 15:12:39:732
0.1389,0.311,11.5352,0.0071,0.6843,9.7827,0.0262,0.0152,-0.2621,-28.59,-3.1,-4.89,95.21,-4.0,-0.04,5.0,41.162,22.9999,120.21971,42.6,NaN,,21.6,,0 / 0,19309,2021-01-13 15:12:39:832
0.1245,0.8451,9.382,0.0694,1.1467,9.7391,0.8406,-0.154,-0.2893,-29.47,-4.61,-4.66,98.55,-6.72,-0.41,5.0,41.877,22.9999,120.21971,42.6,NaN,,21.6,,0 / 0,19409,2021-01-13 15:12:39:932
-0.3329,1.851,5.7008,-0.1869,1.9487,9.6093,0.582,0.2758,-0.256,-27.8,-7.72,-2.52,104.84,-9.19,0.03,5.0,41.877,22.9999,120.21971,42.6,NaN,,21.6,,0 / 0,19509,2021-01-13 15:12:40:032
-0.2778,1.9277,7.1881,-0.381,2.1205,9.5671,1.0E-4,0.2646,-0.2291,-26.2,-7.67,-2.92,105.8,-12.49,2.28,5.0,41.877,22.9999,120.21971,42.6,NaN,,21.6,,0 / 0,19609,2021-01-13 15:12:40:132
-0.206,1.7576,9.7437,-0.5232,1.813,9.6234,-0.2254,-0.0952,0.1401,-27.06,-7.24,-3.79,103.28,-10.65,3.11,5.0,41.824,22.9999,120.21971,42.6,NaN,,21.6,,0 / 0,19710,2021-01-13 15:12:40:233
-0.467,1.7912,12.9986,-0.2221,1.3645,9.7087,-0.5027,-0.2619,0.3253,-27.53,-5.31,-4.0,98.95,-9.82,2.21,5.0,41.824,22.9999,120.21971,42.6,NaN,,21.6,,0 / 0,19808,2021-01-13 15:12:40:331
-0.5916,0.7206,14.1291,-0.2277,1.113,9.7406,-0.3892,-0.3998,0.2938,-28.29,-5.96,-3.4,101.47,-6.52,1.34,5.0,41.824,22.9999,120.21971,42.6,NaN,,21.6,,0 / 0,19909,2021-01-13 15:12:40:432
0.0216,1.1038,10.5292,0.2245,1.1161,9.7403,0.4958,-0.3135,0.2557,-30.36,-4.02,-2.37,96.98,-6.53,-1.32,5.0,42.825,22.9999,120.21971,42.6,NaN,,21.6,,0 / 0,20009,2021-01-13 15:12:40:532
-0.3641,1.2451,6.4816,0.095,1.5614,9.6811,0.4782,0.304,0.1172,-31.85,-3.69,-2.23,96.39,-7.88,-1.48,5.0,42.825,22.9999,120.21971,42.6,NaN,,21.6,,0 / 0,20109,2021-01-13 15:12:40:632
-0.6155,2.4522,6.3379,-0.1255,1.883,9.6234,0.4567,0.435,0.2864,-31.24,-4.55,-2.88,98.08,-11.07,0.75,5.0,42.825,22.9999,120.21971,42.6,NaN,,21.6,,0 / 0,20209,2021-01-13 15:12:40:732
-0.5461,1.5205,8.6132,-0.266,2.0246,9.5917,-0.2728,-0.1473,-0.1641,-31.54,-5.47,-1.65,98.28,-11.91,1.59,5.0,42.825,22.9999,120.21971,42.6,NaN,,21.6,,0 / 0,20309,2021-01-13 15:12:40:832
-0.4167,1.6067,11.1615,-0.181,1.636,9.6675,-0.3446,-0.1062,-0.1662,-30.49,-5.24,-2.74,98.44,-11.07,1.3,5.0,41.902,22.9999,120.21971,42.6,NaN,,21.6,,0 / 0,20409,2021-01-13 15:12:40:932
0.8191,0.5313,13.2884,-0.2518,0.901,9.7619,-0.6844,0.0457,-0.1429,-30.63,-3.98,-1.94,96.96,-7.55,1.23,5.0,41.902,22.9999,120.21971,42.6,NaN,,21.6,,0 / 0,20509,2021-01-13 15:12:41:032
0.3114,0.5098,9.2599,-0.3006,0.5158,9.7885,0.7999,0.0397,-0.3526,-31.8,-3.93,-2.28,97.01,-3.01,1.76,5.0,41.902,22.9999,120.21971,42.6,NaN,,21.6,,0 / 0,20609,2021-01-13 15:12:41:132
-0.103,1.0894,7.5306,-0.3607,1.2808,9.716,0.6439,-0.0519,-0.4231,-30.42,-4.72,-3.27,99.12,-5.08,2.48,5.0,43.353,22.9999,120.21971,42.6,NaN,,21.6,,0 / 0,20709,2021-01-13 15:12:41:232
-0.5916,1.9588,5.7295,-0.414,1.7809,9.6347,0.0562,0.1145,-0.3186,-30.59,-5.74,-2.7,100.26,-9.36,2.26,5.0,43.353,22.9999,120.21971,42.6,NaN,,21.6,,0 / 0,20810,2021-01-13 15:12:41:333
-0.7042,1.0128,9.0778,-0.5346,1.6936,9.6445,-0.6045,0.0974,-0.1708,-28.74,-6.42,-3.07,101.02,-9.94,3.17,5.0,43.353,22.9999,120.21971,42.6,NaN,,21.6,,0 / 0,20910,2021-01-13 15:12:41:433
-0.2874,1.5732,12.2226,-0.3976,1.0159,9.7458,-0.2409,-0.2497,0.3772,-29.3,-6.11,-2.34,101.5,-7.55,3.47,5.0,43.336,22.9999,120.21971,42.6,NaN,,21.6,,0 / 0,21009,2021-01-13 15:12:41:532
0.0216,0.5529,13.789,-0.2094,0.6545,9.7825,-0.4265,-0.049,0.3012,-32.02,-2.74,-0.36,95.47,-5.23,1.46,5.0,43.336,22.9999,120.21971,42.6,NaN,,21.6,,0 / 0,21109,2021-01-13 15:12:41:632
-0.2036,0.5122,8.7473,0.0176,0.5434,9.7916,0.7803,-0.0085,0.4667,-33.81,-2.85,-1.66,94.84,-3.18,-0.1,5.0,43.336,22.9999,120.21971,42.6,NaN,,21.6,,0 / 0,21210,2021-01-13 15:12:41:733
-0.206,0.699,8.7856,0.1894,1.2625,9.7232,0.4983,-0.1591,0.3121,-32.55,-1.66,-1.15,93.26,-5.04,-0.52,5.0,42.704,22.9999,120.21971,42.6,NaN,,21.6,,0 / 0,21309,2021-01-13 15:12:41:832
-0.4311,1.7313,6.2229,0.0351,1.5953,9.676,0.3072,0.1727,0.174,-33.87,-0.94,-1.34,91.26,-8.48,-1.1,5.0,42.704,22.9999,120.21971,42.6,NaN,,21.6,,0 / 0,21409,2021-01-13 15:12:41:932
-0.3904,1.8247,5.9211,-0.1858,1.749,9.6476,0.1254,0.18,-0.0131,-32.76,-0.45,-3.4,89.27,-10.27,1.1,5.0,42.704,22.9999,120.21971,42.6,NaN,,21.6,,0 / 0,21509,2021-01-13 15:12:42:032
-1.2957,1.0678,11.4849,-0.179,1.4507,9.6971,-0.7782,-0.0212,-0.3086,-32.71,0.47,-2.02,89.65,-10.59,1.54,5.0,42.0,22.9999,120.21971,42.6,NaN,,21.6,,0 / 0,21609,2021-01-13 15:12:42:132
-0.4096,1.6139,11.9088,-0.2067,0.7639,9.7747,-0.4117,-0.009,0.0332,-34.21,-0.36,-2.88,89.61,-5.86,1.22,5.0,42.0,22.9999,120.21971,42.6,NaN,,21.6,,0 / 0,21708,2021-01-13 15:12:42:231
0.0383,-0.4985,13.8201,-0.2527,0.521,9.7895,-0.1921,-0.0894,-0.1634,-33.99,1.51,-2.95,86.46,-3.05,1.48,5.0,42.0,22.9999,120.21971,42.6,NaN,,21.6,,0 / 0,21808,2021-01-13 15:12:42:331
0.6658,0.9984,8.812,-0.2782,0.6329,9.7823,0.9161,0.1858,0.0367,-33.62,1.9,-3.07,86.52,-1.71,0.99,5.0,42.0,22.9999,120.21971,42.6,NaN,,21.6,,0 / 0,21909,2021-01-13 15:12:42:432
-0.2251,0.9601,7.3582,-0.2981,1.4499,9.6943,0.3204,0.0607,-0.4903,-33.68,2.2,-2.36,86.46,-7.0,1.72,5.0,42.119,22.9999,120.21971,42.6,NaN,,21.6,,0 / 0,22009,2021-01-13 15:12:42:532
-0.6084,1.9468,5.3487,-0.4122,1.6367,9.6603,0.3245,0.1795,-0.3526,-33.82,-0.18,-3.67,89.29,-9.61,2.44,5.0,42.119,22.9999,120.21971,42.6,NaN,,21.6,,0 / 0,22109,2021-01-13 15:12:42:632
-0.7113,1.6019,9.0539,-0.6204,1.4507,9.6789,-0.4228,-0.1089,-0.0025,-33.44,-0.79,-3.92,91.04,-10.31,3.23,5.0,42.119,22.9999,120.21971,42.6,NaN,,21.6,,0 / 0,22209,2021-01-13 15:12:42:732
-0.5413,1.4415,13.5015,-0.3565,0.8294,9.765,-0.6908,-0.2864,0.1827,-34.15,2.41,-4.39,86.25,-7.16,3.28,5.0,42.395,22.9999,120.21971,42.6,NaN,,21.6,,0 / 0,22309,2021-01-13 15:12:42:832
0.0263,-0.0147,13.8608,-0.3631,0.6038,9.7813,0.0198,-0.4081,0.1617,-34.72,3.78,-5.79,83.06,-3.53,2.13,5.0,42.395,22.9999,120.21971,42.6,NaN,,21.6,,0 / 0,22409,2021-01-13 15:12:42:932
-0.7257,0.5505,9.1449,-0.013,0.86,9.7689,0.7882,-0.0603,0.2489,-35.31,4.5,-5.44,81.51,-3.04,0.8,5.0,42.395,22.9999,120.21971,42.6,NaN,,21.6,,0 / 0,22509,2021-01-13 15:12:43:032
-0.3641,0.2966,9.3485,0.0624,1.261,9.725,0.4805,-0.2048,0.213,-35.21,3.42,-5.13,84.05,-7.39,-0.37,5.0,42.165,22.9999,120.21971,42.6,NaN,,21.6,,0 / 0,22609,2021-01-13 15:12:43:132
-0.103,1.9756,5.9475,0.1837,1.7254,9.6519,0.4899,0.3313,0.2323,-35.36,6.48,-5.08,78.81,-10.13,-1.09,5.0,42.165,22.9999,120.21971,42.6,NaN,,21.6,,0 / 0,22709,2021-01-13 15:12:43:232
0.2132,1.5157,7.8444,-0.2382,1.9942,9.5988,0.0903,0.3803,0.0302,-34.27,6.01,-6.62,78.0,-11.57,0.4,5.0,42.165,22.9999,120.21971,42.6,NaN,,21.6,,0 / 0,22809,2021-01-13 15:12:43:332
-0.3018,1.0798,11.425,0.0262,1.3495,9.7133,-0.6816,-0.3814,-0.4458,-34.93,7.0,-7.26,77.11,-10.26,0.93,5.0,42.488,22.9999,120.21971,42.6,NaN,,21.6,,0 / 0,22909,2021-01-13 15:12:43:432
0.1581,-0.0914,13.4584,0.1138,0.9566,9.7592,-0.6567,-0.1433,-0.3657,-34.62,6.35,-7.3,79.15,-5.6,-0.67,5.0,42.488,22.9999,120.21971,42.6,NaN,,21.6,,0 / 0,23008,2021-01-13 15:12:43:531
0.3952,-0.1632,12.2274,0.058,0.2004,9.8044,-0.2666,0.2146,0.0112,-35.48,6.18,-8.49,79.43,-3.59,-0.64,5.0,42.488,22.9999,120.21971,42.6,NaN,,21.6,,0 / 0,23109,2021-01-13 15:12:43:632
0.5293,0.6559,8.0336,0.0324,0.9556,9.7599,0.7789,-0.0326,0.0806,-35.15,5.93,-8.32,79.69,-2.66,-0.01,5.0,42.488,22.9999,120.21971,42.6,NaN,,21.6,,0 / 0,23209,2021-01-13 15:12:43:732
-0.0623,1.5229,5.5163,-0.0229,1.4418,9.7001,0.6947,0.1676,-0.1629,-35.23,4.89,-9.66,79.64,-8.45,0.14,5.0,40.863,22.9999,120.21971,42.6,NaN,,21.6,,0 / 0,23309,2021-01-13 15:12:43:832
-0.4766,1.3888,8.2779,-0.2859,1.6649,9.6601,-0.0858,0.2144,-0.1531,-33.12,4.12,-10.14,80.34,-10.38,0.9,5.0,40.863,22.9999,120.21971,42.6,NaN,,21.6,,0 / 0,23409,2021-01-13 15:12:43:932
0.4383,1.1541,10.5771,-0.2459,1.0879,9.743,-0.4078,-0.2184,0.2556,-33.54,7.03,-10.39,76.72,-7.81,2.24,5.0,40.863,22.9999,120.21971,42.6,NaN,,21.6,,0 / 0,23509,2021-01-13 15:12:44:032
0.467,1.3816,12.486,-0.1008,0.9446,9.7605,-0.2783,-0.11,0.3848,-32.98,8.05,-10.19,74.96,-5.53,0.59,5.0,42.286,22.9999,120.21971,42.6,NaN,,21.6,,0 / 0,23609,2021-01-13 15:12:44:132
-0.7449,-0.3908,14.0069,0.0431,0.3502,9.8003,-0.5772,-0.3445,-0.0094,-33.95,9.64,-12.17,72.37,-4.56,1.03,5.0,42.286,22.9999,120.21971,42.6,NaN,,21.6,,0 / 0,23709,2021-01-13 15:12:44:232
-0.594,0.3038,8.6898,0.0551,0.8183,9.7723,0.5909,0.1097,0.3329,-33.3,10.78,-11.08,70.88,-2.02,-0.67,5.0,42.286,22.9999,120.21971,42.6,NaN,,21.6,,0 / 0,23816,2021-01-13 15:12:44:339
-0.273,0.7876,7.0708,0.1224,1.1241,9.7412,0.4351,0.0755,0.2422,-33.52,10.43,-12.12,71.45,-6.58,-0.72,5.0,41.59,22.9999,120.21971,42.6,NaN,,21.6,,0 / 0,23909,2021-01-13 15:12:44:432
-0.1964,1.5349,7.6312,-0.0899,1.4055,9.705,0.1525,0.2711,0.2844,-32.94,10.55,-14.4,68.73,-7.78,-0.29,5.0,41.59,22.9999,120.21971,42.6,NaN,,21.6,,0 / 0,24009,2021-01-13 15:12:44:532
0.1868,1.4798,9.2599,-0.062,1.1592,9.7377,-0.3863,0.0031,-0.07,-31.62,12.04,-14.11,66.72,-8.01,0.35,5.0,41.59,22.9999,120.21971,42.6,NaN,,21.6,,0 / 0,24109,2021-01-13 15:12:44:632
-0.4814,1.6043,12.201,-0.0436,0.9458,9.7608,-0.3471,-0.0684,-0.2101,-32.94,11.25,-12.56,69.76,-5.53,0.26,5.0,41.59,22.9999,120.21971,42.6,NaN,,21.6,,0 / 0,24210,2021-01-13 15:12:44:733
0.1174,0.002,14.1123,0.1602,0.6465,9.784,-0.2774,-0.3802,-0.3267,-32.63,11.01,-13.63,69.85,-4.64,-0.07,5.0,42.001,22.9999,120.21971,42.6,NaN,,21.6,,0 / 0,24309,2021-01-13 15:12:44:832
0.5892,0.0595,11.6765,0.332,0.5009,9.7882,0.0447,-0.0659,-0.1721,-32.82,9.99,-12.54,71.79,-2.93,-1.94,5.0,42.001,22.9999,120.21971,42.6,NaN,,21.6,,0 / 0,24409,2021-01-13 15:12:44:932
0.1964,0.8188,7.4875,0.2279,1.3237,9.7142,0.6452,0.1709,-0.2608,-32.39,7.14,-14.51,74.02,-7.76,-1.34,5.0,42.001,22.9999,120.21971,42.6,NaN,,21.6,,0 / 0,24509,2021-01-13 15:12:45:032
-0.7736,2.4594,5.7942,-0.19,1.8609,9.6266,0.4179,0.3778,-0.2643,-33.75,5.4,-15.9,77.35,-9.51,-0.37,5.0,42.662,22.9999,120.21971,42.6,NaN,,21.6,,0 / 0,24609,2021-01-13 15:12:45:132
0.3114,1.6642,8.3713,-0.4554,1.8053,9.6283,-0.4752,0.1065,0.0239,-32.3,6.93,-18.24,72.53,-11.9,2.33,5.0,42.662,22.9999,120.21971,42.6,NaN,,21.6,,0 / 0,24709,2021-01-13 15:12:45:232
-0.4958,1.1852,11.2837,-0.5713,1.3604,9.695,-0.7132,0.2703,-0.0216,-31.85,7.33,-18.01,74.48,-7.97,3.37,5.0,42.662,22.9999,120.21971,42.6,NaN,,21.6,,0 / 0,24810,2021-01-13 15:12:45:333
-1.0538,1.566,11.4969,-0.594,1.0833,9.7285,-0.1752,0.163,0.3495,-32.67,9.03,-19.24,72.19,-6.81,3.45,5.0,42.413,22.9999,120.21971,42.6,NaN,,21.6,,0 / 0,24911,2021-01-13 15:12:45:434
-0.8503,0.905,10.5077,-0.3924,0.7564,9.7696,-0.4285,-0.2623,0.3991,-31.02,9.55,-19.68,70.05,-5.3,3.21,5.0,42.413,22.9999,120.21971,42.6,NaN,,21.6,,0 / 0,25009,2021-01-13 15:12:45:532
0.0431,0.1314,10.1149,-0.2602,1.0229,9.7497,0.2859,-0.3917,0.3265,-32.9,11.2,-19.99,68.9,-5.99,1.53,5.0,42.413,22.9999,120.21971,42.6,NaN,,21.6,,0 / 0,25109,2021-01-13 15:12:45:632
-0.479,1.4319,6.0049,-0.13,1.2746,9.7226,0.2442,0.12,0.1678,-32.49,11.89,-18.96,66.28,-6.63,0.27,5.0,42.156,22.9999,120.21971,42.6,NaN,,21.6,,0 / 0,25209,2021-01-13 15:12:45:732
-0.2275,2.0977,6.6516,-0.2866,1.6578,9.6613,0.0942,0.0541,0.1113,-32.08,9.99,-20.49,68.31,-9.1,1.36,5.0,42.156,22.9999,120.21971,42.6,NaN,,21.6,,0 / 0,25309,2021-01-13 15:12:45:832
-0.4646,1.6067,8.9174,-0.1071,1.4548,9.6975,-0.4222,-0.3329,-0.161,-32.69,12.3,-20.2,66.01,-8.53,0.63,5.0,42.156,22.9999,120.21971,42.6,NaN,,21.6,,0 / 0,25409,2021-01-13 15:12:45:932
-0.1653,1.5085,11.9016,0.1621,0.9371,9.7604,-0.4176,-0.1623,-0.0909,-33.72,10.97,-19.4,69.16,-5.48,-0.95,5.0,42.156,22.9999,120.21971,42.6,NaN,,21.6,,0 / 0,25509,2021-01-13 15:12:46:032
1.5688,-0.283,13.8656,0.3215,0.4919,9.789,-0.4651,-0.1361,-0.1271,-34.2,13.24,-20.0,66.88,-3.8,-1.14,5.0,42.944,22.9999,120.21971,42.6,NaN,,21.6,,0 / 0,25610,2021-01-13 15:12:46:133
1.0203,0.2008,9.9329,0.3534,0.4891,9.7881,0.5399,0.3454,-0.1555,-34.67,10.9,-19.77,70.63,-2.86,-2.07,5.0,42.944,22.9999,120.21971,42.6,NaN,,21.6,,0 / 0,25709,2021-01-13 15:12:46:232
-0.1102,1.0463,7.5091,0.0256,1.308,9.719,0.7591,0.2062,-0.3561,-34.78,10.35,-20.7,69.99,-7.67,-0.15,5.0,42.944,22.9999,120.21971,42.6,NaN,,21.6,,0 / 0,25809,2021-01-13 15:12:46:332
-0.1653,1.4774,6.3043,-0.2282,1.6822,9.6586,0.2542,0.0841,-0.4181,-35.03,6.67,-21.01,74.02,-8.95,0.81,5.0,42.288,22.9999,120.21971,42.6,NaN,,21.6,,0 / 0,25909,2021-01-13 15:12:46:432
-0.5269,1.269,9.2982,-0.3292,1.6228,9.6658,-0.1992,0.132,-0.2736,-35.36,4.3,-20.06,78.81,-9.53,1.95,5.0,42.288,22.9999,120.21971,42.6,NaN,,21.6,,0 / 0,26009,2021-01-13 15:12:46:532
0.4239,1.5014,11.1999,-0.2555,1.2558,9.7226,-0.1013,-0.1969,0.2708,-33.82,6.9,-21.83,74.41,-7.36,1.51,5.0,42.288,22.9999,120.21971,42.6,NaN,,21.6,,0 / 0,26109,2021-01-13 15:12:46:632
0.1126,1.2571,13.559,-0.1051,1.2377,9.7277,0.0231,-0.1028,0.2697,-33.27,7.92,-21.59,72.03,-7.53,0.54,5.0,41.851,22.9999,120.21971,42.6,NaN,,21.6,,0 / 0,26209,2021-01-13 15:12:46:732
-0.8167,1.4391,10.8598,-0.0269,0.9498,9.7605,0.147,-0.1842,0.2081,-34.56,9.35,-20.78,72.61,-5.56,0.16,5.0,41.851,22.9999,120.21971,42.6,NaN,,21.6,,0 / 0,26309,2021-01-13 15:12:46:832
-0.3617,0.335,9.1209,0.0973,1.4009,9.7056,0.4602,-0.0135,0.3454,-34.53,8.86,-20.38,71.25,-8.21,-0.57,5.0,41.851,22.9999,120.21971,42.6,NaN,,21.6,,0 / 0,26411,2021-01-13 15:12:46:934
-0.4311,1.1876,6.9223,-0.0319,1.5649,9.6809,0.2059,0.2817,0.0722,-34.8,8.13,-21.66,72.05,-8.63,-0.58,5.0,42.067,22.9999,120.21971,42.6,NaN,,21.6,,0 / 0,26509,2021-01-13 15:12:47:032
-0.5054,1.8175,6.8744,-0.3213,1.6973,9.6533,0.1629,0.4212,0.1592,-33.98,8.59,-22.4,70.23,-9.97,1.91,5.0,42.067,22.9999,120.21971,42.6,NaN,,21.6,,0 / 0,26609,2021-01-13 15:12:47:132
-0.57,1.1804,9.5257,-0.3037,1.5655,9.6761,-0.3274,-0.2776,-0.2512,-34.09,8.68,-21.15,70.8,-9.19,1.8,5.0,42.067,22.9999,120.21971,42.6,NaN,,21.6,,0 / 0,26709,2021-01-13 15:12:47:232
-0.3664,0.8667,12.1555,0.0088,1.118,9.7427,-0.377,-0.3342,-0.2136,-34.38,9.47,-22.39,70.89,-7.81,0.6,5.0,42.083,22.9999,120.21971,42.6,NaN,,21.6,,0 / 0,26810,2021-01-13 15:12:47:333
0.1126,-0.5943,14.1722,0.0756,0.7453,9.778,-0.737,-0.0727,-0.2237,-34.61,10.03,-20.33,71.72,-4.36,-0.44,5.0,42.083,22.9999,120.21971,42.6,NaN,,21.6,,0 / 0,26909,2021-01-13 15:12:47:432
1.1161,0.208,10.9029,0.0062,0.3953,9.7987,0.0714,0.1517,-0.0652,-35.01,10.61,-20.69,71.31,-2.31,-0.04,5.0,42.083,22.9999,120.21971,42.6,NaN,,21.6,,0 / 0,27009,2021-01-13 15:12:47:532
0.0048,1.2858,6.2636,-0.2093,0.9699,9.7563,0.573,0.3106,-0.2187,-33.34,7.88,-21.17,74.17,-3.85,0.22,5.0,42.083,22.9999,120.21971,42.6,NaN,,21.6,,0 / 0,27109,2021-01-13 15:12:47:632
0.0623,1.6451,6.2277,-0.357,1.3352,9.7088,0.5505,0.1844,-0.1244,-32.9,5.68,-22.85,75.24,-7.83,2.11,5.0,42.531,22.9999,120.21971,42.6,NaN,,21.6,,0 / 0,27209,2021-01-13 15:12:47:732
-0.3209,1.5804,9.0371,-0.4092,1.2234,9.7214,-0.3566,-0.0726,0.0122,-32.71,6.52,-21.04,74.5,-7.17,2.41,5.0,42.531,22.9999,120.21971,42.6,NaN,,21.6,,0 / 0,27309,2021-01-13 15:12:47:832
0.0072,1.5636,12.5243,-0.1282,0.91,9.7635,-0.1989,-0.2102,0.3767,-33.8,8.29,-21.44,73.61,-6.5,1.87,5.0,42.531,22.9999,120.21971,42.6,NaN,,21.6,,0 / 0,27409,2021-01-13 15:12:47:932
-0.2251,-0.2542,14.7135,-0.0203,0.5576,9.7908,-0.5813,-0.2992,0.1776,-34.32,11.47,-20.25,70.41,-3.26,0.12,5.0,42.549,22.9999,120.21971,42.6,NaN,,21.6,,0 / 0,27509,2021-01-13 15:12:48:032
0.2132,0.493,9.5042,0.1895,0.4718,9.7935,0.3147,-0.0627,0.3557,-33.02,11.21,-18.65,69.91,-2.76,-1.11,5.0,42.549,22.9999,120.21971,42.6,NaN,,21.6,,0 / 0,27608,2021-01-13 15:12:48:131
-0.0695,0.5002,7.7414,0.2076,1.0268,9.7505,0.3768,0.0493,0.0567,-33.18,11.74,-20.04,67.17,-4.8,-1.31,5.0,42.549,22.9999,120.21971,42.6,NaN,,21.6,,0 / 0,27709,2021-01-13 15:12:48:232
-0.2036,1.7361,5.8924,0.0951,1.2501,9.7262,0.3982,0.2598,0.0757,-34.35,10.63,-21.91,67.84,-7.32,-0.56,5.0,42.8,22.9999,120.21971,42.6,NaN,,21.6,,0 / 0,27809,2021-01-13 15:12:48:332
-0.2563,1.5756,8.5318,-0.2501,1.3982,9.7032,-0.1107,-0.032,-0.1827,-34.01,9.77,-22.28,69.52,-8.2,1.48,5.0,42.8,22.9999,120.21971,42.6,NaN,,21.6,,0 / 0,27909,2021-01-13 15:12:48:432
-0.4239,0.9888,12.5866,0.1382,1.1632,9.7364,-0.2264,-0.4454,-0.4621,-31.86,9.72,-21.14,68.56,-7.7,0.7,5.0,42.8,22.9999,120.21971,42.6,NaN,,21.6,,0 / 0,28009,2021-01-13 15:12:48:532
0.1605,-0.3069,12.5651,0.258,1.103,9.741,-0.1965,-0.1574,-0.2824,-35.19,9.46,-20.47,71.85,-6.46,-1.52,5.0,41.882,22.9999,120.21971,42.6,NaN,,21.6,,0 / 0,28109,2021-01-13 15:12:48:632
1.1448,0.5745,11.1136,0.2757,0.7505,9.774,-0.3113,0.0469,-0.1893,-34.26,10.07,-20.22,70.9,-4.39,-1.62,5.0,41.882,22.9999,120.21971,42.6,NaN,,21.6,,0 / 0,28209,2021-01-13 15:12:48:732
0.3712,1.2092,8.0216,0.1386,0.9063,9.7637,0.2021,0.1815,-0.2341,-33.27,10.5,-20.07,68.64,-4.96,-1.16,5.0,41.882,22.9999,120.21971,42.6,NaN,,21.6,,0 / 0,28308,2021-01-13 15:12:48:831
0.1461,2.4067,5.4876,-0.0718,1.2763,9.723,0.6836,0.2893,0.0228,-34.0,8.38,-19.29,73.1,-7.48,0.42,5.0,41.882,22.9999,120.21971,42.6,NaN,,21.6,,0 / 0,28409,2021-01-13 15:12:48:932
0.1437,1.1972,7.8587,-0.1432,1.6268,9.6697,-0.4122,0.1748,-0.139,-32.97,7.99,-22.17,71.03,-9.55,0.85,5.0,42.355,22.9999,120.21971,42.6,NaN,,21.6,,0 / 0,28509,2021-01-13 15:12:49:032
0.6467,1.7888,12.2944,-0.3687,1.2658,9.7176,-0.3487,0.2244,0.1184,-32.91,9.71,-21.28,69.52,-7.61,1.75,5.0,42.355,22.9999,120.21971,42.6,NaN,,21.6,,0 / 0,28608,2021-01-13 15:12:49:131
0.6347,1.1229,13.365,-0.2244,1.1401,9.7376,-0.3841,0.0342,0.2034,-31.44,12.08,-22.74,65.28,-6.68,1.32,5.0,42.355,22.9999,120.21971,42.6,NaN,,21.6,,0 / 0,28709,2021-01-13 15:12:49:232
-0.3209,1.0559,10.1365,-0.0147,0.8938,9.7658,-0.0679,-0.3132,-0.077,-30.76,13.54,-22.38,62.81,-5.23,0.09,5.0,45.855,22.9999,120.21971,42.6,NaN,,21.6,,0 / 0,28809,2021-01-13 15:12:49:332
-0.9269,0.2487,9.6742,0.0756,1.1559,9.738,0.1315,-0.1627,-0.0054,-31.05,13.12,-22.97,63.49,-6.48,0.18,5.0,45.855,22.9999,120.21971,42.6,NaN,,21.6,,0 / 0,28908,2021-01-13 15:12:49:431
-0.388,1.6499,6.3067,0.0525,1.3125,9.7183,0.3146,0.0729,0.2322,-28.21,14.47,-21.49,59.08,-7.69,-0.31,5.0,45.855,22.9999,120.21971,42.6,NaN,,21.6,,0 / 0,29009,2021-01-13 15:12:49:532
-0.6275,1.7121,8.2467,-0.1201,1.6667,9.6632,0.0098,0.0405,0.0456,-28.02,13.31,-23.98,59.26,-9.79,0.71,5.0,42.552,22.9999,120.21971,42.6,NaN,,21.6,,0 / 0,29109,2021-01-13 15:12:49:632
-0.2587,1.3696,9.485,-0.0574,1.7301,9.6527,0.1173,-0.0295,-0.0597,-28.65,13.44,-23.81,60.36,-9.59,0.98,5.0,42.552,22.9999,120.21971,42.6,NaN,,21.6,,0 / 0,29209,2021-01-13 15:12:49:732
-0.8263,1.1876,11.7867,0.0184,1.605,9.6744,-0.5132,-0.0088,-0.28,-27.85,13.6,-24.91,57.35,-9.42,-0.11,5.0,42.552,22.9999,120.21971,42.6,NaN,,21.6,,0 / 0,29309,2021-01-13 15:12:49:832
0.0647,-0.1465,13.741,0.0949,0.8148,9.7723,-0.771,-0.1852,-0.2199,-27.92,14.14,-23.84,60.1,-4.77,-0.56,5.0,42.552,22.9999,120.21971,42.6,NaN,,21.6,,0 / 0,29409,2021-01-13 15:12:49:932
0.6395,1.0439,9.4539,-0.0411,0.9,9.7652,0.6045,0.0598,0.0019,-26.03,13.86,-24.59,59.41,-3.29,0.14,5.0,42.563,22.9999,120.21971,42.6,NaN,,21.6,,0 / 0,29509,2021-01-13 15:12:50:032
-0.3185,1.6091,6.7378,-0.1413,1.2272,9.7285,0.5535,0.1799,-0.1752,-26.74,10.87,-25.98,62.72,-7.19,0.83,5.0,42.563,22.9999,120.21971,42.6,NaN,,21.6,,0 / 0,29609,2021-01-13 15:12:50:132
-0.2395,1.5157,6.9175,-0.3135,1.6511,9.6616,0.0637,0.1231,-0.1109,-23.76,10.2,-25.79,60.41,-9.69,1.86,5.0,42.563,22.9999,120.21971,42.6,NaN,,21.6,,0 / 0,29709,2021-01-13 15:12:50:232
0.1988,1.9085,10.1341,-0.357,1.3897,9.7011,-0.3075,0.0736,0.0723,-22.68,10.67,-27.42,58.04,-9.08,2.18,5.0,43.68,22.9999,120.21971,42.6,NaN,,21.6,,0 / 0,29809,2021-01-13 15:12:50:332
0.0455,1.966,10.6753,-0.15,1.2016,9.7316,-0.4294,-0.0311,0.2667,-20.5,13.2,-25.66,51.8,-7.04,0.88,5.0,43.68,22.9999,120.21971,42.6,NaN,,21.6,,0 / 0,29909,2021-01-13 15:12:50:432
-0.206,0.7421,13.8943,0.0617,0.3733,9.7993,-0.9715,-0.3091,-6.0E-4,-19.04,15.18,-25.96,49.68,-2.18,-0.36,5.0,43.68,22.9999,120.21971,42.6,NaN,,21.6,,0 / 0,30009,2021-01-13 15:12:50:532
0.0216,0.311,9.3341,0.1031,0.7133,9.7801,0.763,-0.0985,0.2626,-18.45,13.41,-26.86,52.12,-1.68,-0.57,5.0,45.158,22.9999,120.21971,42.6,NaN,,21.6,,0 / 0,30109,2021-01-13 15:12:50:632
-0.1653,0.7924,7.6096,0.2535,1.0825,9.7434,0.5733,-0.1387,0.1404,-17.66,10.92,-25.85,51.34,-6.34,-1.49,5.0,45.158,22.9999,120.21971,42.6,NaN,,21.6,,0 / 0,30210,2021-01-13 15:12:50:733
-0.0695,1.578,6.872,0.1287,1.5361,9.6847,0.2209,0.1837,0.1299,-15.2,8.31,-25.06,51.07,-9.01,-0.76,5.0,45.158,22.9999,120.21971,42.6,NaN,,21.6,,0 / 0,30310,2021-01-13 15:12:50:833
0.0934,1.2307,8.1821,0.0794,1.6212,9.6714,0.0412,0.0169,-0.0298,-14.21,6.07,-24.8,54.35,-9.23,-0.31,5.0,43.952,22.9999,120.21971,42.6,NaN,,21.6,,0 / 0,30409,2021-01-13 15:12:50:932
-0.2323,1.269,10.9292,0.2306,1.5722,9.6771,-0.3078,-0.2657,-0.2491,-12.49,5.11,-26.55,50.65,-9.23,-1.37,5.0,43.952,22.9999,120.21971,42.6,NaN,,21.6,,0 / 0,30509,2021-01-13 15:12:51:032
0.6299,0.0954,13.8057,0.2273,1.0166,9.7512,-0.6035,0.1199,-0.2395,-11.81,5.61,-26.93,52.27,-5.95,-1.34,5.0,43.952,22.9999,120.21971,42.6,NaN,,21.6,,0 / 0,30609,2021-01-13 15:12:51:132
0.891,0.62,11.1472,0.0545,0.55,9.7911,0.0652,0.1711,-0.2119,-11.55,2.09,-24.7,72.9,-3.55,-0.98,5.0,43.511,22.9999,120.21971,42.6,NaN,,21.6,,0 / 0,30709,2021-01-13 15:12:51:232
0.8287,1.0487,8.4264,0.0592,0.8286,9.7714,0.5077,0.0236,-0.0816,-10.61,1.34,-26.06,73.56,-4.85,-0.35,5.0,43.511,22.9999,120.21971,42.6,NaN,,21.6,,0 / 0,30809,2021-01-13 15:12:51:332
0.3305,1.8007,5.478,-0.1172,1.484,9.693,0.5946,0.1665,-0.1834,-8.85,-4.81,-24.59,97.21,-8.7,0.69,5.0,43.511,22.9999,120.21971,42.6,NaN,,21.6,,0 / 0,30909,2021-01-13 15:12:51:432
-0.4814,1.5253,8.1605,-0.265,1.7748,9.6411,0.1837,0.0902,-0.1302,-7.7,-7.0,-22.86,107.69,-10.53,1.26,5.0,43.511,22.9999,120.21971,42.6,NaN,,21.6,,0 / 0,31008,2021-01-13 15:12:51:531
0.3209,1.111,11.9591,-0.2282,1.6548,9.6633,-0.3994,-0.3674,0.1294,-8.13,-11.41,-21.99,130.06,-9.71,1.35,5.0,43.826,22.9999,120.21971,42.6,NaN,,21.6,,0 / 0,31110,2021-01-13 15:12:51:633
-0.3114,1.0319,12.7519,-0.0547,1.0185,9.7535,-0.6216,0.1181,0.3312,-8.79,-12.01,-21.66,136.62,-5.96,0.32,5.0,43.826,22.9999,120.21971,42.6,NaN,,21.6,,0 / 0,31209,2021-01-13 15:12:51:732
-0.4096,1.7912,10.3113,0.1168,0.9682,9.758,0.2815,-0.1397,0.4652,-11.04,-13.48,-21.99,135.46,-4.8,-0.18,5.0,43.826,22.9999,120.21971,42.6,NaN,,21.6,,0 / 0,31308,2021-01-13 15:12:51:831
-0.3209,0.141,10.3855,0.3095,1.0771,9.7424,0.0382,-0.338,0.1357,-14.77,-16.86,-20.3,135.58,-6.31,-1.82,5.0,44.342,22.9999,120.21971,42.6,NaN,,21.6,,0 / 0,31411,2021-01-13 15:12:51:934
-0.0359,1.6834,5.9954,0.1194,1.1964,9.7327,0.6212,0.4778,0.3216,-17.27,-20.24,-19.63,136.06,-7.01,-0.7,5.0,44.342,22.9999,120.21971,42.6,NaN,,21.6,,0 / 0,31509,2021-01-13 15:12:52:032
-0.6419,1.6259,7.8492,-0.136,1.7272,9.6524,0.4153,0.1864,0.1621,-18.14,-20.48,-16.82,133.08,-9.38,0.57,5.0,44.342,22.9999,120.21971,42.6,NaN,,21.6,,0 / 0,31609,2021-01-13 15:12:52:132
-0.3042,1.2427,10.3975,-0.0462,1.6786,9.6618,-0.1083,-0.5014,-0.204,-21.43,-22.53,-16.26,133.41,-9.86,0.27,5.0,43.894,22.9999,120.21971,42.6,NaN,,21.6,,0 / 0,31709,2021-01-13 15:12:52:232
0.4143,1.4079,11.1448,0.1583,1.3605,9.7105,-0.4161,0.0333,-0.1799,-21.13,-22.34,-15.51,133.27,-7.97,-0.93,5.0,43.894,22.9999,120.21971,42.6,NaN,,21.6,,0 / 0,31809,2021-01-13 15:12:52:332
0.1605,0.3469,13.0728,0.1074,0.6129,9.7869,-0.6452,0.0792,-0.2309,-24.07,-21.08,-15.93,128.83,-6.08,-0.71,5.0,43.894,22.9999,120.21971,42.6,NaN,,21.6,,0 / 0,31909,2021-01-13 15:12:52:432
0.9005,0.1338,11.7603,0.0171,0.6,9.7883,0.2131,-0.0466,-0.1138,-24.69,-21.15,-17.98,128.49,-3.51,-0.1,5.0,43.894,22.9999,120.21971,42.6,NaN,,21.6,,0 / 0,32009,2021-01-13 15:12:52:532
0.2084,1.7121,6.0337,0.0578,1.361,9.7116,0.9273,0.312,-0.2435,-23.94,-23.38,-13.45,131.21,-7.98,-0.34,5.0,43.969,22.9999,120.21971,42.6,NaN,,21.6,,0 / 0,32109,2021-01-13 15:12:52:632
-0.1126,2.1552,4.3236,-0.1912,2.2919,9.5332,0.8198,0.1374,-0.2439,-24.29,-24.86,-13.2,132.34,-11.33,0.75,5.0,43.969,22.9999,120.21971,42.6,NaN,,21.6,,0 / 0,32209,2021-01-13 15:12:52:732
-0.6347,1.6546,9.5185,-0.3023,2.0848,9.5777,-0.6554,0.0776,-0.0721,-25.35,-24.94,-12.75,130.69,-12.27,1.81,5.0,43.969,22.9999,120.21971,42.6,NaN,,21.6,,0 / 0,32309,2021-01-13 15:12:52:832
-0.3305,2.7588,12.4525,-0.1063,1.587,9.6768,-0.2794,-0.3232,0.3726,-25.35,-23.14,-13.12,129.38,-9.31,0.63,5.0,44.561,22.9999,120.21971,42.6,NaN,,21.6,,0 / 0,32409,2021-01-13 15:12:52:932
-1.1137,0.5912,14.1219,0.0373,0.7158,9.7804,-0.5695,-0.364,0.0058,-26.53,-20.31,-13.88,123.97,-6.6,0.59,5.0,44.561,22.9999,120.21971,42.6,NaN,,21.6,,0 / 0,32509,2021-01-13 15:12:53:032
0.1054,1.111,9.6,0.2816,0.8465,9.766,0.4824,-0.1381,0.2666,-28.73,-22.31,-11.76,126.0,-4.95,-1.65,5.0,44.561,22.9999,120.21971,42.6,NaN,,21.6,,0 / 0,32609,2021-01-13 15:12:53:132
0.1054,0.5625,7.8923,0.2838,1.3439,9.71,0.3356,-0.0628,0.1917,-30.6,-20.78,-9.76,122.17,-7.88,-1.67,5.0,43.769,22.9999,120.21971,42.6,NaN,,21.6,,0 / 0,32709,2021-01-13 15:12:53:232
-0.0168,1.8654,6.1247,0.0994,1.7609,9.6468,0.4144,0.2629,0.3232,-28.91,-22.06,-10.41,124.87,-9.1,-1.5,5.0,43.769,22.9999,120.21971,42.6,NaN,,21.6,,0 / 0,32809,2021-01-13 15:12:53:332
0.0838,1.9804,7.521,0.011,1.8541,9.6298,-0.0193,-0.1145,0.0209,-30.5,-20.07,-10.48,119.79,-10.9,-0.07,5.0,43.769,22.9999,120.21971,42.6,NaN,,21.6,,0 / 0,32909,2021-01-13 15:12:53:432
-0.0144,1.4367,11.1711,0.2609,1.6844,9.6574,-0.2816,-0.3082,-0.0909,-32.2,-19.73,-8.49,119.78,-9.89,-1.55,5.0,44.944,22.9999,120.21971,42.6,NaN,,21.6,,0 / 0,33009,2021-01-13 15:12:53:532
0.764,-0.0554,14.5434,0.2176,0.7586,9.7748,-0.8651,0.0407,-0.2839,-30.35,-18.89,-9.92,120.4,-7.51,-1.81,5.0,44.944,22.9999,120.21971,42.6,NaN,,21.6,,0 / 0,33108,2021-01-13 15:12:53:631
1.1951,0.9122,10.9173,0.1979,0.4601,9.7939,-0.1574,0.1935,-0.1452,-31.81,-18.29,-11.59,118.71,-2.69,-1.16,5.0,44.944,22.9999,120.21971,42.6,NaN,,21.6,,0 / 0,33209,2021-01-13 15:12:53:732
0.2299,0.9649,8.0384,0.2697,1.034,9.7483,0.487,0.0887,-0.3377,-30.3,-19.85,-10.36,122.25,-6.05,-1.58,5.0,44.944,22.9999,120.21971,42.6,NaN,,21.6,,0 / 0,33309,2021-01-13 15:12:53:832
0.103,1.5421,5.9522,0.0617,1.7409,9.6507,0.6825,0.1382,-0.271,-30.99,-21.81,-7.34,123.89,-8.0,-0.75,5.0,44.073,22.9999,120.21971,42.6,NaN,,21.6,,0 / 0,33410,2021-01-13 15:12:53:933
-0.6874,1.9804,7.8731,-0.0226,1.8278,9.6348,-0.0783,0.2178,-0.0822,-30.05,-22.58,-6.13,125.6,-10.74,0.13,5.0,44.073,22.9999,120.21971,42.6,NaN,,21.6,,0 / 0,33509,2021-01-13 15:12:54:032
0.4982,2.1121,9.9927,-0.2188,1.6598,9.6627,-0.222,0.1461,0.3136,-29.48,-22.4,-6.25,125.5,-9.74,1.3,5.0,44.073,22.9999,120.21971,42.6,NaN,,21.6,,0 / 0,33609,2021-01-13 15:12:54:132
0.182,0.0739,13.0034,-0.0842,0.8173,9.7722,-0.7252,-0.2667,0.151,-31.16,-21.64,-9.68,123.41,-7.55,1.23,5.0,44.862,22.9999,120.21971,42.6,NaN,,21.6,,0 / 0,33709,2021-01-13 15:12:54:232
-0.1581,0.814,11.1448,0.14,0.6796,9.7821,-0.0405,-0.3474,0.2673,-32.16,-20.12,-7.94,121.28,-3.97,-0.82,5.0,44.862,22.9999,120.21971,42.6,NaN,,21.6,,0 / 0,33809,2021-01-13 15:12:54:332
0.1916,0.5098,9.6239,0.4329,0.9069,9.755,0.3209,-0.1097,0.1354,-34.63,-19.93,-6.99,118.89,-5.31,-2.54,5.0,44.862,22.9999,120.21971,42.6,NaN,,21.6,,0 / 0,33911,2021-01-13 15:12:54:434
-0.0335,1.6618,5.4445,0.1812,1.6923,9.6578,0.8188,0.3255,0.1914,-33.91,-18.63,-5.69,118.06,-6.9,-2.22,5.0,45.326,22.9999,120.21971,42.6,NaN,,21.6,,0 / 0,34009,2021-01-13 15:12:54:532
-0.5676,1.76,7.5306,-0.0178,1.9955,9.6015,-0.1157,0.2539,-8.0E-4,-35.04,-19.04,-5.67,116.42,-11.74,0.11,5.0,45.326,22.9999,120.21971,42.6,NaN,,21.6,,0 / 0,34109,2021-01-13 15:12:54:632
0.0742,1.6642,10.4861,-0.139,1.8309,9.6332,-0.1434,-0.0453,-0.0355,-34.45,-18.95,-4.51,117.62,-10.76,0.83,5.0,45.326,22.9999,120.21971,42.6,NaN,,21.6,,0 / 0,34209,2021-01-13 15:12:54:732
0.1988,0.208,13.5949,-0.0822,1.0846,9.7461,-0.8425,0.0815,-0.2479,-34.79,-18.22,-6.22,115.69,-9.04,-0.02,5.0,44.163,22.9999,120.21971,42.6,NaN,,21.6,,0 / 0,34309,2021-01-13 15:12:54:832
0.2874,0.4547,12.3232,-0.0596,0.5598,9.7905,-0.7264,-0.0407,-0.2545,-35.28,-18.6,-8.06,117.86,-3.27,0.35,5.0,44.163,22.9999,120.21971,42.6,NaN,,21.6,,0 / 0,34409,2021-01-13 15:12:54:932
0.5988,0.7733,9.7149,-0.0528,1.0441,9.7508,0.6169,-0.2017,-0.2596,-36.25,-19.29,-5.01,117.03,-6.11,0.31,5.0,44.163,22.9999,120.21971,42.6,NaN,,21.6,,0 / 0,34509,2021-01-13 15:12:55:032
-0.1054,0.9649,7.1594,-0.0954,1.5514,9.6827,0.4024,0.0217,-0.4712,-33.76,-21.08,-3.18,120.97,-7.7,-0.08,5.0,44.185,22.9999,120.21971,42.6,NaN,,21.6,,0 / 0,34609,2021-01-13 15:12:55:132
-0.3593,1.8271,7.0923,-0.2811,1.9023,9.6163,0.3557,0.1049,-0.1611,-32.53,-21.08,-2.64,121.42,-11.18,1.67,5.0,44.185,22.9999,120.21971,42.6,NaN,,21.6,,0 / 0,34709,2021-01-13 15:12:55:232
-1.1784,1.8007,8.9796,-0.4393,1.9799,9.5947,-0.1646,0.1165,-0.162,-33.68,-22.0,-2.11,122.21,-11.65,2.62,5.0,44.185,22.9999,120.21971,42.6,NaN,,21.6,,0 / 0,34809,2021-01-13 15:12:55:332
-0.2395,1.8798,13.1519,-0.3026,1.5913,9.6719,-0.689,0.0752,0.3842,-34.28,-20.03,-4.41,119.19,-11.3,1.97,5.0,44.185,22.9999,120.21971,42.6,NaN,,21.6,,0 / 0,34909,2021-01-13 15:12:55:432
-0.2515,1.0822,13.6812,-0.219,1.1957,9.731,-0.5278,-0.2371,0.2231,-35.76,-17.82,-5.44,115.67,-7.0,1.29,5.0,45.476,22.9999,120.21971,42.6,NaN,,21.6,,0 / 0,35009,2021-01-13 15:12:55:532
-0.4048,1.3624,9.1377,0.0649,1.3462,9.7136,0.5985,0.0365,0.3362,-38.06,-17.32,-1.9,113.52,-7.89,-0.38,5.0,45.476,22.9999,120.21971,42.6,NaN,,21.6,,0 / 0,35109,2021-01-13 15:12:55:632
-0.1198,0.8283,8.7066,0.2092,1.7122,9.6537,0.2123,-0.1853,0.1476,-37.84,-16.24,-0.95,112.22,-9.61,-0.81,5.0,45.476,22.9999,120.21971,42.6,NaN,,21.6,,0 / 0,35208,2021-01-13 15:12:55:731
-0.4455,2.0139,6.7139,0.0808,1.8428,9.6316,0.1475,0.4397,0.2568,-38.54,-15.56,-1.82,111.4,-10.83,-0.48,5.0,44.853,22.9999,120.21971,42.6,NaN,,21.6,,0 / 0,35309,2021-01-13 15:12:55:832
-0.0431,2.3085,8.3449,-0.2279,1.8854,9.621,-0.0715,0.1499,0.1248,-38.64,-14.07,-3.42,108.86,-11.08,1.36,5.0,44.853,22.9999,120.21971,42.6,NaN,,21.6,,0 / 0,35409,2021-01-13 15:12:55:932
-0.4646,1.3457,11.7771,-0.0145,1.7215,9.6544,-0.3343,-0.2282,-0.3296,-38.86,-12.75,0.52,108.54,-10.96,0.92,5.0,44.853,22.9999,120.21971,42.6,NaN,,21.6,,0 / 0,35509,2021-01-13 15:12:56:032
0.3641,0.2296,12.9387,-0.0308,1.4142,9.7041,-0.5408,-0.0401,-0.4365,-37.88,-13.18,-2.06,108.33,-8.29,0.18,5.0,45.672,22.9999,120.21971,42.6,NaN,,21.6,,0 / 0,35609,2021-01-13 15:12:56:132
0.6634,0.79,10.7448,-0.1272,0.8126,9.7721,0.2231,0.1885,-0.1411,-38.11,-13.59,-3.27,109.87,-4.75,0.75,5.0,45.672,22.9999,120.21971,42.6,NaN,,21.6,,0 / 0,35711,2021-01-13 15:12:56:234
0.1629,1.8678,7.5402,-0.1966,1.3971,9.7046,0.5346,0.0224,-0.1384,-38.56,-16.02,-3.25,111.82,-6.32,0.72,5.0,45.672,22.9999,120.21971,42.6,NaN,,21.6,,0 / 0,35809,2021-01-13 15:12:56:332
-0.182,1.76,6.6325,-0.3044,1.7601,9.6426,0.3602,0.0058,-0.3211,-37.38,-16.28,-1.51,112.82,-10.34,1.81,5.0,45.525,22.9999,120.21971,42.6,NaN,,21.6,,0 / 0,35909,2021-01-13 15:12:56:432
-0.867,1.6762,7.9689,-0.4807,1.8283,9.6227,-0.1949,0.2092,-0.2295,-37.38,-17.54,-2.53,115.21,-10.74,2.86,5.0,45.525,22.9999,120.21971,42.6,NaN,,21.6,,0 / 0,36009,2021-01-13 15:12:56:532
-0.0431,2.4474,11.2095,-0.4838,1.6984,9.6463,-0.1406,-0.1964,0.3076,-36.49,-16.05,-3.89,113.1,-10.15,3.48,5.0,45.525,22.9999,120.21971,42.6,NaN,,21.6,,0 / 0,36109,2021-01-13 15:12:56:632
-0.8431,1.6091,14.371,-0.3783,1.4181,9.6962,-0.6619,-0.003,0.1516,-36.49,-14.78,-2.56,112.04,-8.31,2.23,5.0,45.525,22.9999,120.21971,42.6,NaN,,21.6,,0 / 0,36209,2021-01-13 15:12:56:732
-0.7353,0.9481,9.6239,-0.0665,0.9357,9.7617,0.251,-0.2119,0.3933,-39.03,-13.26,-1.15,108.26,-5.48,0.39,5.0,44.646,22.9999,120.21971,42.6,NaN,,21.6,,0 / 0,36309,2021-01-13 15:12:56:832
0.1964,0.5721,10.0383,0.2443,1.4116,9.7014,0.4841,-0.3136,0.3436,-39.23,-13.64,-0.64,109.45,-7.1,0.07,5.0,44.646,22.9999,120.21971,42.6,NaN,,21.6,,0 / 0,36409,2021-01-13 15:12:56:932
-0.6347,1.6954,6.2421,0.2515,1.5028,9.6875,0.3478,0.3982,0.1035,-38.55,-11.14,-0.38,105.37,-8.82,-1.49,5.0,44.646,22.9999,120.21971,42.6,NaN,,21.6,,0 / 0,36510,2021-01-13 15:12:57:033
-0.4527,1.7457,7.0468,-0.198,1.9438,9.61,0.3954,0.3525,0.0682,-39.98,-11.21,-1.98,104.76,-11.43,1.18,5.0,44.026,22.9999,120.21971,42.6,NaN,,21.6,,0 / 0,36609,2021-01-13 15:12:57:132
-0.8503,1.4918,10.2993,-0.2932,1.8539,9.6254,-0.3327,0.0373,-0.2361,-41.04,-10.92,-1.62,104.44,-11.54,1.3,5.0,44.026,22.9999,120.21971,42.6,NaN,,21.6,,0 / 0,36709,2021-01-13 15:12:57:232
-0.3162,1.1613,12.8333,-0.2361,1.4862,9.6905,-0.6623,-0.1772,-0.2833,-41.34,-12.69,-2.42,107.19,-8.72,1.4,5.0,44.026,22.9999,120.21971,42.6,NaN,,21.6,,0 / 0,36809,2021-01-13 15:12:57:332
0.3353,-0.0363,13.7195,-0.0803,0.697,9.7815,-0.4158,-0.1934,-0.1512,-40.07,-11.49,-1.74,105.18,-4.08,0.47,5.0,44.509,22.9999,120.21971,42.6,NaN,,21.6,,0 / 0,36909,2021-01-13 15:12:57:432
0.8958,0.7565,9.8323,0.0335,1.0792,9.747,0.6402,-0.0297,-0.063,-40.65,-12.68,0.68,107.65,-3.7,0.12,5.0,44.509,22.9999,120.21971,42.6,NaN,,21.6,,0 / 0,37009,2021-01-13 15:12:57:532
-0.2132,1.6594,5.6385,-0.0808,1.4312,9.7013,0.6704,0.2797,-0.3195,-40.31,-13.77,-0.92,108.97,-8.39,0.48,5.0,44.509,22.9999,120.21971,42.6,NaN,,21.6,,0 / 0,37109,2021-01-13 15:12:57:632
-0.3401,1.8702,5.4229,-0.3467,2.0867,9.5758,0.4487,0.0774,-0.3394,-41.0,-13.02,-0.32,107.63,-12.29,2.07,5.0,44.509,22.9999,120.21971,42.6,NaN,,21.6,,0 / 0,37209,2021-01-13 15:12:57:732
-1.0251,1.657,9.7987,-0.3347,1.6479,9.6614,-0.4582,-0.1755,-0.0215,-40.96,-14.51,-1.03,109.9,-11.56,2.41,5.0,45.968,22.9999,120.21971,42.6,NaN,,21.6,,0 / 0,37309,2021-01-13 15:12:57:832
-0.0096,2.0642,12.2944,-0.1705,1.5697,9.6787,-0.2255,-0.2779,0.5133,-42.36,-13.41,0.41,107.14,-9.21,1.01,5.0,45.968,22.9999,120.21971,42.6,NaN,,21.6,,0 / 0,37409,2021-01-13 15:12:57:932
0.582,0.802,14.7111,0.0604,0.6653,9.7839,-0.3918,-0.2985,0.3661,-42.66,-10.39,-0.93,102.96,-3.89,-0.35,5.0,45.968,22.9999,120.21971,42.6,NaN,,21.6,,0 / 0,37509,2021-01-13 15:12:58:032
-0.3209,1.0798,8.3833,0.1497,1.2456,9.7261,0.7473,0.0449,0.4736,-45.02,-9.8,-0.27,102.41,-4.05,-1.29,5.0,46.052,22.9999,120.21971,42.6,NaN,,21.6,,0 / 0,37608,2021-01-13 15:12:58:131
0.0695,0.4308,8.3521,0.2792,1.5553,9.6785,0.1925,-0.0853,0.0243,-43.42,-8.59,1.77,101.82,-9.13,-1.65,5.0,46.052,22.9999,120.21971,42.6,NaN,,21.6,,0 / 0,37709,2021-01-13 15:12:58:232
-0.2659,1.9732,6.2397,0.1338,1.7061,9.6562,0.1461,0.3212,0.0533,-44.11,-8.59,2.23,101.68,-10.02,-0.79,5.0,46.052,22.9999,120.21971,42.6,NaN,,21.6,,0 / 0,37809,2021-01-13 15:12:58:332
-0.2754,1.7241,8.036,-0.1981,1.9538,9.608,0.0065,-0.0664,-0.1405,-44.59,-9.76,1.43,102.71,-11.04,0.91,5.0,46.674,22.9999,120.21971,42.6,NaN,,21.6,,0 / 0,37909,2021-01-13 15:12:58:432
-0.3952,1.1181,10.6825,-0.0221,1.8505,9.6305,-0.2559,-0.4448,-0.3398,-44.11,-8.77,1.05,101.62,-10.88,0.13,5.0,46.674,22.9999,120.21971,42.6,NaN,,21.6,,0 / 0,38008,2021-01-13 15:12:58:531
0.0479,0.9337,12.9722,0.0719,1.2574,9.7254,-0.5743,0.047,-0.0868,-46.79,-10.82,1.71,103.31,-7.37,-0.42,5.0,46.674,22.9999,120.21971,42.6,NaN,,21.6,,0 / 0,38108,2021-01-13 15:12:58:631
0.7113,0.9074,11.6717,-0.067,0.8409,9.7703,-0.3274,0.1213,-0.028,-47.1,-10.48,-0.33,101.94,-5.61,-0.15,5.0,47.06,22.9999,120.21971,42.6,NaN,,21.6,,0 / 0,38209,2021-01-13 15:12:58:732
0.4263,0.6176,10.6035,-0.0448,1.0797,9.7469,0.3349,-0.0963,-0.3036,-48.1,-12.26,-0.78,103.86,-6.32,0.26,5.0,47.06,22.9999,120.21971,42.6,NaN,,21.6,,0 / 0,38309,2021-01-13 15:12:58:832
-0.2299,1.7193,6.1271,-0.2122,1.5359,9.6833,0.527,0.3153,-0.3022,-46.49,-12.63,1.2,105.97,-9.01,1.26,5.0,47.06,22.9999,120.21971,42.6,NaN,,21.6,,0 / 0,38409,2021-01-13 15:12:58:932
-0.697,1.1876,7.0971,-0.5017,1.9133,9.6051,-0.0825,0.2053,-0.3227,-46.7,-15.69,-0.31,108.84,-11.09,2.06,5.0,47.06,22.9999,120.21971,42.6,NaN,,21.6,,0 / 0,38509,2021-01-13 15:12:59:032
-0.1078,2.1001,9.5209,-0.6009,1.7846,9.6242,-0.1557,0.071,0.0464,-44.95,-15.68,-1.36,109.65,-10.48,3.57,5.0,46.768,22.9999,120.21971,42.6,NaN,,21.6,,0 / 0,38609,2021-01-13 15:12:59:132
-0.6515,1.875,12.7734,-0.3587,1.4271,9.6956,-0.7143,-0.0073,0.4919,-48.52,-13.69,-0.45,106.08,-8.37,2.12,5.0,46.768,22.9999,120.21971,42.6,NaN,,21.6,,0 / 0,38709,2021-01-13 15:12:59:232
-0.115,0.5745,12.5675,-0.1711,0.8766,9.7659,-0.4076,-0.1282,0.4637,-51.62,-12.73,-1.79,103.93,-6.08,2.04,5.0,46.768,22.9999,120.21971,42.6,NaN,,21.6,,0 / 0,38809,2021-01-13 15:12:59:332
0.0647,1.166,10.2442,0.0891,0.9319,9.7619,0.4395,-0.1264,0.3469,-54.2,-9.57,2.08,100.59,-5.45,-0.52,5.0,46.086,22.9999,120.21971,42.6,NaN,,21.6,,0 / 0,38909,2021-01-13 15:12:59:432
0.218,0.6751,9.0587,0.2488,1.286,9.7188,0.174,-0.1394,0.0808,-54.64,-11.34,1.94,101.29,-7.54,-1.47,5.0,46.086,22.9999,120.21971,42.6,NaN,,21.6,,0 / 0,39009,2021-01-13 15:12:59:532
-0.3808,1.5325,6.848,-0.107,1.5944,9.6756,0.3284,0.5637,0.0105,-56.69,-10.14,1.06,99.85,-8.28,-1.01,5.0,46.086,22.9999,120.21971,42.6,NaN,,21.6,,0 / 0,39109,2021-01-13 15:12:59:632
-0.0575,1.5397,7.8084,-0.384,1.7513,9.6414,0.214,0.2732,-0.0582,-58.32,-8.99,0.07,99.09,-10.29,2.28,5.0,45.706,22.9999,120.21971,42.6,NaN,,21.6,,0 / 0,39209,2021-01-13 15:12:59:732
-0.661,1.5564,9.473,-0.272,1.806,9.6351,-0.1506,-0.2991,-0.3663,-60.65,-10.62,1.0,100.52,-10.61,1.62,5.0,45.706,22.9999,120.21971,42.6,NaN,,21.6,,0 / 0,39309,2021-01-13 15:12:59:832
-0.6275,1.9061,11.4633,-0.2966,1.4301,9.6973,-0.3623,0.0614,-0.2445,-61.74,-11.33,1.29,100.23,-9.62,0.98,5.0,45.706,22.9999,120.21971,42.6,NaN,,21.6,,0 / 0,39409,2021-01-13 15:12:59:932
0.115,0.0451,14.1099,-0.2985,1.0834,9.742,-0.5394,-0.3234,-0.3412,-63.27,-10.38,0.79,99.26,-6.34,1.75,5.0,46.278,22.9999,120.21971,42.6,NaN,,21.6,,0 / 0,39509,2021-01-13 15:13:00:032
0.7712,0.8451,10.1915,-0.1226,0.7905,9.774,0.1164,0.0073,-0.2146,-62.69,-11.71,1.16,100.88,-4.62,0.72,5.0,46.278,22.9999,120.21971,42.6,NaN,,21.6,,0 / 0,39610,2021-01-13 15:13:00:133
0.0647,1.6954,6.7929,-0.328,1.541,9.6793,0.7006,0.2574,-0.3151,-61.97,-11.15,1.08,100.22,-6.75,1.02,5.0,46.278,22.9999,120.21971,42.6,NaN,,21.6,,0 / 0,39709,2021-01-13 15:13:00:232
0.0527,1.7983,6.0313,-0.4081,1.9136,9.6095,0.5193,-0.0178,-0.4271,-63.5,-11.31,3.5,100.9,-11.25,2.43,5.0,46.346,22.9999,120.21971,42.6,NaN,,21.6,,0 / 0,39809,2021-01-13 15:13:00:332
-0.7065,1.7983,8.7425,-0.5742,1.7287,9.636,-0.4036,0.0165,-0.1448,-64.04,-11.58,0.06,101.06,-10.15,3.41,5.0,46.346,22.9999,120.21971,42.6,NaN,,21.6,,0 / 0,39909,2021-01-13 15:13:00:432
0.0455,1.6666,10.7999,-0.2596,1.4927,9.6889,-0.1113,-0.3466,0.266,-67.7,-10.33,2.72,99.17,-9.32,3.01,5.0,46.346,22.9999,120.21971,42.6,NaN,,21.6,,0 / 0,40009,2021-01-13 15:13:00:532
-0.5006,0.9792,11.4945,-0.2735,1.0982,9.7411,-0.4967,-0.0079,0.2078,-69.06,-4.8,-0.39,94.3,-6.43,1.61,5.0,46.346,22.9999,120.21971,42.6,NaN,,21.6,,0 / 0,40109,2021-01-13 15:13:00:632
-0.8838,-0.3524,13.0632,-0.0554,0.5687,9.79,-0.4286,-0.3489,0.1769,-68.79,-1.48,0.95,90.9,-3.32,0.32,5.0,47.074,22.9999,120.21971,42.6,NaN,,21.6,,0 / 0,40209,2021-01-13 15:13:00:732
-0.182,0.0787,10.6969,0.1485,0.8181,9.7713,0.3397,-0.2256,0.427,-67.23,4.85,2.74,85.88,-3.51,-0.31,5.0,47.074,22.9999,120.21971,42.6,NaN,,21.6,,0 / 0,40309,2021-01-13 15:13:00:832
0.1772,0.299,8.5677,0.2699,0.954,9.7564,0.3098,-0.031,0.4143,-65.6,8.13,3.53,83.31,-5.58,-1.58,5.0,47.074,22.9999,120.21971,42.6,NaN,,21.6,,0 / 0,40409,2021-01-13 15:13:00:932
-0.0623,1.1541,7.1426,0.1478,1.3659,9.7099,0.3431,0.0303,0.0306,-62.12,11.34,0.85,80.04,-8.01,-0.87,5.0,46.467,22.9999,120.21971,42.6,NaN,,21.6,,0 / 0,40509,2021-01-13 15:13:01:032
0.3162,0.881,8.9461,0.1011,1.3657,9.7106,-0.1295,0.0186,-0.1694,-62.37,9.69,-0.19,80.81,-8.64,-0.9,5.0,46.467,22.9999,120.21971,42.6,NaN,,21.6,,0 / 0,40609,2021-01-13 15:13:01:132
-0.5652,0.9433,11.3987,0.1339,1.2285,9.7285,-0.3143,-0.0063,-0.3922,-57.77,10.39,-0.89,80.07,-7.2,-0.79,5.0,46.467,22.9999,120.21971,42.6,NaN,,21.6,,0 / 0,40710,2021-01-13 15:13:01:233
0.2946,0.4068,11.2765,0.0456,1.0521,9.7499,0.023,0.0292,-0.1419,-59.7,8.84,-0.91,81.39,-6.16,-0.27,5.0,46.939,22.9999,120.21971,42.6,NaN,,21.6,,0 / 0,40809,2021-01-13 15:13:01:332
-0.6275,1.0295,8.5749,-0.1674,1.0563,9.7482,0.4022,0.4929,0.0996,-56.87,8.88,-1.31,80.91,-5.52,-0.69,5.0,46.939,22.9999,120.21971,42.6,NaN,,21.6,,0 / 0,40910,2021-01-13 15:13:01:433
0.7425,-0.1057,10.2466,-0.2265,1.3214,9.7146,0.27,-0.0929,0.007,-55.11,8.19,-3.04,81.57,-7.74,1.34,5.0,46.939,22.9999,120.21971,42.6,NaN,,21.6,,0 / 0,41010,2021-01-13 15:13:01:533
0.0886,0.8403,8.9245,-0.3218,1.2119,9.7262,0.0878,0.1651,0.0145,-53.34,9.09,-3.16,80.29,-7.1,1.9,5.0,46.939,22.9999,120.21971,42.6,NaN,,21.6,,0 / 0,41110,2021-01-13 15:13:01:633
-0.0982,0.7876,9.3221,-0.389,1.1694,9.7289,-0.1048,0.0506,0.0029,-53.38,7.13,-4.45,82.29,-7.25,2.19,5.0,46.972,22.9999,120.21971,42.6,NaN,,21.6,,0 / 0,41209,2021-01-13 15:13:01:732
-0.3641,0.6152,10.3927,-0.3439,1.0957,9.7392,-0.1643,-0.0664,0.0379,-51.93,7.95,-4.38,81.07,-6.42,2.02,5.0,46.972,22.9999,120.21971,42.6,NaN,,21.6,,0 / 0,41309,2021-01-13 15:13:01:832